PO Number,Document Date,Posting Date,Material Code,Material Description,Short Text,Supplier Name,Order Quantity,Unit of Measure,Net Price,Currency,Subtotal Raw,FX Rate to INR,Total INR,Total In Crs,Material Group,Plant,Fiscal Year
PO-2023-450001,2023-01-15,2023-01-15,MAT-10101,High Density Polyethylene (HDPE) Polymers,High Density Polyethylene (HDPE) Polymers,Contoso Polymer Logistics Ltd,5,MT,1200,EUR,6000,92.4,554400,0.0554,POLYMERS,1000,FY24
PO-2023-450002,2023-02-15,2023-02-15,MAT-10102,Polypropylene (PP) Injection Moulding Resin,Polypropylene (PP) Injection Moulding Resin,Basell Polyolefins Europe NV,7,MT,1121,EUR,7847,92.4,725063,0.0725,POLYMERS,1010,FY24
PO-2023-450003,2023-03-15,2023-03-15,MAT-10103,Linear Low-Density Polyethylene (LLDPE) Film Grade,Linear Low-Density Polyethylene (LLDPE) Film Grade,3M Safety & Industrial PPE Ltd,9,MT,1191,USD,10719,85.5,916475,0.0916,POLYMERS,1020,FY24
PO-2023-450004,2023-04-15,2023-04-15,MAT-10201,Hydrochloric Acid 33% Industrial Grade,Hydrochloric Acid 33% Industrial Grade,Dow Chemical Americas Inc,25,KL,131,USD,3275,85.5,280013,0.028,CHEMICAL,2000,FY24
PO-2023-450005,2023-05-15,2023-05-15,MAT-10202,Caustic Soda Lye 48% Bulk Solution,Caustic Soda Lye 48% Bulk Solution,Pidilite Industrial Adhesives Ltd,13,MT,306,INR,3978,1,3978,0.0004,CHEMICAL,3000,FY24
PO-2023-450006,2023-06-15,2023-06-15,MAT-10203,Titanium Dioxide Rutile White Pigment,Titanium Dioxide Rutile White Pigment,BASF Speciality Chemicals SE,400,KG,2376,EUR,950400,92.4,87816960,8.7817,CHEMICAL,1000,FY24
PO-2023-450007,2023-07-15,2023-07-15,MAT-10204,Sulfuric Acid 98% Commercial Grade,Sulfuric Acid 98% Commercial Grade,UPL Agro & Bulk Chemical Corp,17,MT,104,INR,1768,1,1768,0.0002,CHEMICAL,1010,FY24
PO-2023-450008,2023-08-15,2023-08-15,MAT-10104,Polyvinyl Chloride (PVC) Suspension Resin,Polyvinyl Chloride (PVC) Suspension Resin,SABIC Petrochemical Middle East,19,MT,1094,USD,20786,85.5,1777203,0.1777,POLYMERS,1020,FY24
PO-2023-450009,2023-09-15,2023-09-15,MAT-10205,Industrial Synthetic Adhesives & Sealants,Industrial Synthetic Adhesives & Sealants,Borealis Chemical Supply GmbH,550,KG,430,EUR,236500,92.4,21852600,2.1853,CHEMICAL,2000,FY24
PO-2023-450010,2023-10-15,2023-10-15,PKG-20101,5-Ply Corrugated Heavy Duty Shipping Boxes,5-Ply Corrugated Heavy Duty Shipping Boxes,TCPL Packaging Containers,1400,BOX,51,INR,71400,1,71400,0.0071,PACKAGING,3000,FY24
PO-2023-450011,2023-11-15,2023-11-15,PKG-20102,Printed Multi-Layer Flexible Packaging Laminates,Printed Multi-Layer Flexible Packaging Laminates,Parksons Packaging Solutions,650,KG,273,INR,177450,1,177450,0.0177,PACKAGING,1000,FY24
PO-2023-450012,2023-12-15,2023-12-15,PKG-20103,Mono Carton Packaging Printed Paperboard,Mono Carton Packaging Printed Paperboard,Universal Corrugators Pvt Ltd,1600,PCS,14,INR,22400,1,22400,0.0022,PACKAGING,1010,FY24
PO-2024-450013,2024-01-15,2024-01-15,PKG-20104,Automatic Stretch Film Wrapping Rolls 23 Microns,Automatic Stretch Film Wrapping Rolls 23 Microns,3M Safety & Industrial PPE Ltd,70,ROLL,202,USD,14140,85.5,1208970,0.1209,PACKAGING,1020,FY25
PO-2024-450014,2024-02-15,2024-02-15,PKG-20105,Polypropylene Heavy Duty Strapping Bands,Polypropylene Heavy Duty Strapping Bands,Signode Industrial Packaging Ltd,75,ROLL,1118,INR,83850,1,83850,0.0084,PACKAGING,2000,FY25
PO-2024-450015,2024-03-15,2024-03-15,PKG-20106,Laminated Barrier Tubes for Specialty Liquids,Laminated Barrier Tubes for Specialty Liquids,Huhtamaki Flexible Packaging Ltd,1900,PCS,25,INR,47500,1,47500,0.0047,PACKAGING,3000,FY25
PO-2024-450016,2024-04-15,2024-04-15,PKG-20107,HDPE Plastic Drums 200 Litres Capacity,HDPE Plastic Drums 200 Litres Capacity,Essel Propack Laminated Tubes,5,DRUM,1779,INR,8895,1,8895,0.0009,PACKAGING,1000,FY25
PO-2024-450017,2024-05-15,2024-05-15,FRT-30101,Road FTL 32-Foot Multi-Axle Container Trucking,Road FTL 32-Foot Multi-Axle Container Trucking,Blue Dart Express Domestic Freight,5,TRIP,82647,INR,413235,1,413235,0.0413,FREIGHT,1010,FY25
PO-2024-450018,2024-06-15,2024-06-15,FRT-30102,40ft High Cube Ocean Freight Container Shipping,40ft High Cube Ocean Freight Container Shipping,TCI Freight Transport Logistics,6,CONT,1800,INR,10800,1,10800,0.0011,FREIGHT,1020,FY25
PO-2024-450019,2024-07-15,2024-07-15,FRT-30103,Cold Chain Refrigerated Express Transport,Cold Chain Refrigerated Express Transport,DHL Global Freight Solutions,1,TRIP,67647,EUR,67647,92.4,6250583,0.6251,FREIGHT,2000,FY25
PO-2024-450020,2024-08-15,2024-08-15,FRT-30104,Warehouse 3PL Material Staging & Storage Services,Warehouse 3PL Material Staging & Storage Services,Maersk Line Logistics India,105,MONTH,173529,USD,18220545,85.5,1557856598,155.7857,FREIGHT,3000,FY25
PO-2024-450021,2024-09-15,2024-09-15,FRT-30105,Air Cargo Express Customs Cleared Freight,Air Cargo Express Customs Cleared Freight,3M Safety & Industrial PPE Ltd,1150,KG,366,USD,420900,85.5,35986950,3.5987,FREIGHT,1000,FY25
PO-2024-450022,2024-10-15,2024-10-15,MRO-40101,Deep Groove Ball Bearings SKF Explorer Series,Deep Groove Ball Bearings SKF Explorer Series,Schneider Electric Power Systems,11,SET,2906,INR,31966,1,31966,0.0032,MRO,1010,FY25
PO-2024-450023,2024-11-15,2024-11-15,MRO-40102,Variable Frequency Drives (VFD) 45kW Inverter,Variable Frequency Drives (VFD) 45kW Inverter,Atlas Copco Compressor India,20,UNIT,107059,INR,2141180,1,2141180,0.2141,MRO,1020,FY25
PO-2024-450024,2024-12-15,2024-12-15,MRO-40103,Centrifugal Slurry Pump Impeller Mechanical Seals,Centrifugal Slurry Pump Impeller Mechanical Seals,Castrol Industrial Lubricants Ltd,13,SET,17647,INR,229411,1,229411,0.0229,MRO,2000,FY25
PO-2025-450025,2025-01-15,2025-01-15,MRO-40104,Industrial Synthetic Gear Oil ISO VG 220 Drum,Industrial Synthetic Gear Oil ISO VG 220 Drum,ABB Power Grids India Pvt Ltd,2,DRUM,56118,INR,112236,1,112236,0.0112,MRO,3000,FY26
PO-2025-450026,2025-02-15,2025-02-15,MRO-40105,Pneumatic Actuator Solenoid Directional Valves,Pneumatic Actuator Solenoid Directional Valves,Festo Pneumatics India Pvt Ltd,3000,PCS,7794,INR,23382000,1,23382000,2.3382,MRO,1000,FY26
PO-2025-450027,2025-03-15,2025-03-15,PPE-50101,3M Industrial N95 Filtering Facepiece Respirators,3M Industrial N95 Filtering Facepiece Respirators,3M Safety & Industrial PPE Ltd,3100,BOX,71,USD,220100,85.5,18818550,1.8819,CONSUMABLES,1010,FY26
PO-2025-450028,2025-04-15,2025-04-15,PPE-50102,Heavy Duty Nitrile Chemical Protection Gloves,Heavy Duty Nitrile Chemical Protection Gloves,3M Safety & Industrial PPE Ltd,45,PAIR,202,USD,9090,85.5,777195,0.0777,CONSUMABLES,1020,FY26
PO-2025-450029,2025-05-15,2025-05-15,MAT-10101,High Density Polyethylene (HDPE) Polymers,High Density Polyethylene (HDPE) Polymers,Contoso Polymer Logistics Ltd,11,MT,1426,EUR,15686,92.4,1449386,0.1449,POLYMERS,2000,FY26
PO-2025-450030,2025-06-15,2025-06-15,MAT-10102,Polypropylene (PP) Injection Moulding Resin,Polypropylene (PP) Injection Moulding Resin,Basell Polyolefins Europe NV,13,MT,1347,EUR,17511,92.4,1618016,0.1618,POLYMERS,3000,FY26
PO-2025-450031,2025-07-15,2025-07-15,MAT-10103,Linear Low-Density Polyethylene (LLDPE) Film Grade,Linear Low-Density Polyethylene (LLDPE) Film Grade,3M Safety & Industrial PPE Ltd,15,MT,1418,USD,21270,85.5,1818585,0.1819,POLYMERS,1000,FY26
PO-2025-450032,2025-08-15,2025-08-15,MAT-10201,Hydrochloric Acid 33% Industrial Grade,Hydrochloric Acid 33% Industrial Grade,Dow Chemical Americas Inc,65,KL,169,USD,10985,85.5,939218,0.0939,CHEMICAL,1010,FY26
PO-2025-450033,2025-09-15,2025-09-15,MAT-10202,Caustic Soda Lye 48% Bulk Solution,Caustic Soda Lye 48% Bulk Solution,Pidilite Industrial Adhesives Ltd,19,MT,377,INR,7163,1,7163,0.0007,CHEMICAL,1020,FY26
PO-2025-450034,2025-10-15,2025-10-15,MAT-10203,Titanium Dioxide Rutile White Pigment,Titanium Dioxide Rutile White Pigment,BASF Speciality Chemicals SE,1800,KG,2765,EUR,4977000,92.4,459874800,45.9875,CHEMICAL,2000,FY26
PO-2025-450035,2025-11-15,2025-11-15,MAT-10204,Sulfuric Acid 98% Commercial Grade,Sulfuric Acid 98% Commercial Grade,UPL Agro & Bulk Chemical Corp,23,MT,85,INR,1955,1,1955,0.0002,CHEMICAL,3000,FY26
PO-2025-450036,2025-12-15,2025-12-15,MAT-10104,Polyvinyl Chloride (PVC) Suspension Resin,Polyvinyl Chloride (PVC) Suspension Resin,SABIC Petrochemical Middle East,25,MT,971,USD,24275,85.5,2075513,0.2076,POLYMERS,1000,FY26
PO-2026-450037,2026-01-15,2026-01-15,MAT-10205,Industrial Synthetic Adhesives & Sealants,Industrial Synthetic Adhesives & Sealants,Borealis Chemical Supply GmbH,1950,KG,370,EUR,721500,92.4,66666600,6.6667,CHEMICAL,1010,FY26
PO-2026-450038,2026-02-15,2026-02-15,PKG-20101,5-Ply Corrugated Heavy Duty Shipping Boxes,5-Ply Corrugated Heavy Duty Shipping Boxes,Signode Industrial Packaging Ltd,4200,BOX,40,INR,168000,1,168000,0.0168,PACKAGING,1020,FY26
PO-2026-450039,2026-03-15,2026-03-15,PKG-20102,Printed Multi-Layer Flexible Packaging Laminates,Printed Multi-Layer Flexible Packaging Laminates,Huhtamaki Flexible Packaging Ltd,2050,KG,241,INR,494050,1,494050,0.0494,PACKAGING,2000,FY26
PO-2023-450040,2023-01-15,2023-01-15,PKG-20103,Mono Carton Packaging Printed Paperboard,Mono Carton Packaging Printed Paperboard,Essel Propack Laminated Tubes,4400,PCS,11,INR,48400,1,48400,0.0048,PACKAGING,3000,FY24
PO-2023-450041,2023-02-15,2023-02-15,PKG-20104,Automatic Stretch Film Wrapping Rolls 23 Microns,Automatic Stretch Film Wrapping Rolls 23 Microns,Amcor Packaging India Ltd,10,ROLL,181,INR,1810,1,1810,0.0002,PACKAGING,1000,FY24
PO-2023-450042,2023-03-15,2023-03-15,PKG-20105,Polypropylene Heavy Duty Strapping Bands,Polypropylene Heavy Duty Strapping Bands,TCPL Packaging Containers,15,ROLL,994,INR,14910,1,14910,0.0015,PACKAGING,1010,FY24
PO-2023-450043,2023-04-15,2023-04-15,PKG-20106,Laminated Barrier Tubes for Specialty Liquids,Laminated Barrier Tubes for Specialty Liquids,Parksons Packaging Solutions,4700,PCS,20,INR,94000,1,94000,0.0094,PACKAGING,1020,FY24
PO-2023-450044,2023-05-15,2023-05-15,PKG-20107,HDPE Plastic Drums 200 Litres Capacity,HDPE Plastic Drums 200 Litres Capacity,Universal Corrugators Pvt Ltd,9,DRUM,1568,INR,14112,1,14112,0.0014,PACKAGING,2000,FY24
PO-2023-450045,2023-06-15,2023-06-15,FRT-30101,Road FTL 32-Foot Multi-Axle Container Trucking,Road FTL 32-Foot Multi-Axle Container Trucking,3M Safety & Industrial PPE Ltd,3,TRIP,68529,USD,205587,85.5,17577689,1.7578,FREIGHT,3000,FY24
PO-2023-450046,2023-07-15,2023-07-15,FRT-30102,40ft High Cube Ocean Freight Container Shipping,40ft High Cube Ocean Freight Container Shipping,Kuehne + Nagel Supply Chain Ltd,4,CONT,2706,USD,10824,85.5,925452,0.0925,FREIGHT,1000,FY24
PO-2023-450047,2023-08-15,2023-08-15,FRT-30103,Cold Chain Refrigerated Express Transport,Cold Chain Refrigerated Express Transport,Blue Dart Express Domestic Freight,5,TRIP,96765,INR,483825,1,483825,0.0484,FREIGHT,1010,FY24
PO-2023-450048,2023-09-15,2023-09-15,FRT-30104,Warehouse 3PL Material Staging & Storage Services,Warehouse 3PL Material Staging & Storage Services,TCI Freight Transport Logistics,45,MONTH,302941,INR,13632345,1,13632345,1.3632,FREIGHT,1020,FY24
PO-2023-450049,2023-10-15,2023-10-15,FRT-30105,Air Cargo Express Customs Cleared Freight,Air Cargo Express Customs Cleared Freight,DHL Global Freight Solutions,550,KG,534,EUR,293700,92.4,27137880,2.7138,FREIGHT,2000,FY24
PO-2023-450050,2023-11-15,2023-11-15,MRO-40101,Deep Groove Ball Bearings SKF Explorer Series,Deep Groove Ball Bearings SKF Explorer Series,Atlas Copco Compressor India,3,SET,5947,INR,17841,1,17841,0.0018,MRO,3000,FY24
PO-2023-450051,2023-12-15,2023-12-15,MRO-40102,Variable Frequency Drives (VFD) 45kW Inverter,Variable Frequency Drives (VFD) 45kW Inverter,Castrol Industrial Lubricants Ltd,60,UNIT,155588,INR,9335280,1,9335280,0.9335,MRO,1000,FY24
PO-2024-450052,2024-01-15,2024-01-15,MRO-40103,Centrifugal Slurry Pump Impeller Mechanical Seals,Centrifugal Slurry Pump Impeller Mechanical Seals,ABB Power Grids India Pvt Ltd,5,SET,12000,INR,60000,1,60000,0.006,MRO,1010,FY25
PO-2024-450053,2024-02-15,2024-02-15,MRO-40104,Industrial Synthetic Gear Oil ISO VG 220 Drum,Industrial Synthetic Gear Oil ISO VG 220 Drum,Festo Pneumatics India Pvt Ltd,6,DRUM,46588,INR,279528,1,279528,0.028,MRO,1020,FY25
PO-2024-450054,2024-03-15,2024-03-15,MRO-40105,Pneumatic Actuator Solenoid Directional Valves,Pneumatic Actuator Solenoid Directional Valves,Honeywell Industrial Automation,800,PCS,5324,USD,4259200,85.5,364161600,36.4162,MRO,2000,FY25
PO-2024-450055,2024-04-15,2024-04-15,PPE-50101,3M Industrial N95 Filtering Facepiece Respirators,3M Industrial N95 Filtering Facepiece Respirators,3M Safety & Industrial PPE Ltd,900,BOX,54,USD,48600,85.5,4155300,0.4155,CONSUMABLES,3000,FY25
PO-2024-450056,2024-05-15,2024-05-15,PPE-50102,Heavy Duty Nitrile Chemical Protection Gloves,Heavy Duty Nitrile Chemical Protection Gloves,3M Safety & Industrial PPE Ltd,85,PAIR,153,USD,13005,85.5,1111928,0.1112,CONSUMABLES,1000,FY25
PO-2024-450057,2024-06-15,2024-06-15,MAT-10101,High Density Polyethylene (HDPE) Polymers,High Density Polyethylene (HDPE) Polymers,Contoso Polymer Logistics Ltd,17,MT,1303,EUR,22151,92.4,2046752,0.2047,POLYMERS,1010,FY25
PO-2024-450058,2024-07-15,2024-07-15,MAT-10102,Polypropylene (PP) Injection Moulding Resin,Polypropylene (PP) Injection Moulding Resin,Basell Polyolefins Europe NV,19,MT,1224,EUR,23256,92.4,2148854,0.2149,POLYMERS,1020,FY25
PO-2024-450059,2024-08-15,2024-08-15,MAT-10103,Linear Low-Density Polyethylene (LLDPE) Film Grade,Linear Low-Density Polyethylene (LLDPE) Film Grade,3M Safety & Industrial PPE Ltd,21,MT,1294,USD,27174,85.5,2323377,0.2323,POLYMERS,2000,FY25
PO-2024-450060,2024-09-15,2024-09-15,MAT-10201,Hydrochloric Acid 33% Industrial Grade,Hydrochloric Acid 33% Industrial Grade,Dow Chemical Americas Inc,105,KL,148,USD,15540,85.5,1328670,0.1329,CHEMICAL,3000,FY25
PO-2024-450061,2024-10-15,2024-10-15,MAT-10202,Caustic Soda Lye 48% Bulk Solution,Caustic Soda Lye 48% Bulk Solution,Pidilite Industrial Adhesives Ltd,25,MT,338,INR,8450,1,8450,0.0008,CHEMICAL,1000,FY25
PO-2024-450062,2024-11-15,2024-11-15,MAT-10203,Titanium Dioxide Rutile White Pigment,Titanium Dioxide Rutile White Pigment,BASF Speciality Chemicals SE,1200,KG,2553,EUR,3063600,92.4,283076640,28.3077,CHEMICAL,1010,FY25
PO-2024-450063,2024-12-15,2024-12-15,MAT-10204,Sulfuric Acid 98% Commercial Grade,Sulfuric Acid 98% Commercial Grade,UPL Agro & Bulk Chemical Corp,29,MT,121,INR,3509,1,3509,0.0004,CHEMICAL,1020,FY25
PO-2025-450064,2025-01-15,2025-01-15,MAT-10104,Polyvinyl Chloride (PVC) Suspension Resin,Polyvinyl Chloride (PVC) Suspension Resin,SABIC Petrochemical Middle East,31,MT,1197,USD,37107,85.5,3172649,0.3173,POLYMERS,2000,FY26
PO-2025-450065,2025-02-15,2025-02-15,MAT-10205,Industrial Synthetic Adhesives & Sealants,Industrial Synthetic Adhesives & Sealants,Borealis Chemical Supply GmbH,1350,KG,480,EUR,648000,92.4,59875200,5.9875,CHEMICAL,3000,FY26
PO-2025-450066,2025-03-15,2025-03-15,PKG-20101,5-Ply Corrugated Heavy Duty Shipping Boxes,5-Ply Corrugated Heavy Duty Shipping Boxes,TCPL Packaging Containers,2000,BOX,60,INR,120000,1,120000,0.012,PACKAGING,1000,FY26
PO-2025-450067,2025-04-15,2025-04-15,PKG-20102,Printed Multi-Layer Flexible Packaging Laminates,Printed Multi-Layer Flexible Packaging Laminates,Parksons Packaging Solutions,1450,KG,299,INR,433550,1,433550,0.0434,PACKAGING,1010,FY26
PO-2025-450068,2025-05-15,2025-05-15,PKG-20103,Mono Carton Packaging Printed Paperboard,Mono Carton Packaging Printed Paperboard,Universal Corrugators Pvt Ltd,2200,PCS,17,INR,37400,1,37400,0.0037,PACKAGING,1020,FY26
PO-2025-450069,2025-06-15,2025-06-15,PKG-20104,Automatic Stretch Film Wrapping Rolls 23 Microns,Automatic Stretch Film Wrapping Rolls 23 Microns,3M Safety & Industrial PPE Ltd,50,ROLL,160,USD,8000,85.5,684000,0.0684,PACKAGING,2000,FY26
PO-2025-450070,2025-07-15,2025-07-15,PKG-20105,Polypropylene Heavy Duty Strapping Bands,Polypropylene Heavy Duty Strapping Bands,Signode Industrial Packaging Ltd,55,ROLL,871,INR,47905,1,47905,0.0048,PACKAGING,3000,FY26
PO-2025-450071,2025-08-15,2025-08-15,PKG-20106,Laminated Barrier Tubes for Specialty Liquids,Laminated Barrier Tubes for Specialty Liquids,Huhtamaki Flexible Packaging Ltd,2500,PCS,14,INR,35000,1,35000,0.0035,PACKAGING,1000,FY26
PO-2025-450072,2025-09-15,2025-09-15,PKG-20107,HDPE Plastic Drums 200 Litres Capacity,HDPE Plastic Drums 200 Litres Capacity,Essel Propack Laminated Tubes,13,DRUM,1356,INR,17628,1,17628,0.0018,PACKAGING,1010,FY26
PO-2025-450073,2025-10-15,2025-10-15,FRT-30101,Road FTL 32-Foot Multi-Axle Container Trucking,Road FTL 32-Foot Multi-Axle Container Trucking,DHL Global Freight Solutions,1,TRIP,54412,EUR,54412,92.4,5027669,0.5028,FREIGHT,1020,FY26
PO-2025-450074,2025-11-15,2025-11-15,FRT-30102,40ft High Cube Ocean Freight Container Shipping,40ft High Cube Ocean Freight Container Shipping,Maersk Line Logistics India,2,CONT,2212,USD,4424,85.5,378252,0.0378,FREIGHT,2000,FY26
PO-2025-450075,2025-12-15,2025-12-15,FRT-30103,Cold Chain Refrigerated Express Transport,Cold Chain Refrigerated Express Transport,3M Safety & Industrial PPE Ltd,3,TRIP,80882,USD,242646,85.5,20746233,2.0746,FREIGHT,3000,FY26
PO-2026-450076,2026-01-15,2026-01-15,FRT-30104,Warehouse 3PL Material Staging & Storage Services,Warehouse 3PL Material Staging & Storage Services,Kuehne + Nagel Supply Chain Ltd,85,MONTH,232353,USD,19750005,85.5,1688625428,168.8625,FREIGHT,1000,FY26
PO-2026-450077,2026-02-15,2026-02-15,FRT-30105,Air Cargo Express Customs Cleared Freight,Air Cargo Express Customs Cleared Freight,Blue Dart Express Domestic Freight,1950,KG,442,INR,861900,1,861900,0.0862,FREIGHT,1010,FY26
PO-2026-450078,2026-03-15,2026-03-15,MRO-40101,Deep Groove Ball Bearings SKF Explorer Series,Deep Groove Ball Bearings SKF Explorer Series,Castrol Industrial Lubricants Ltd,7,SET,4288,INR,30016,1,30016,0.003,MRO,1020,FY26
PO-2023-450079,2023-01-15,2023-01-15,MRO-40102,Variable Frequency Drives (VFD) 45kW Inverter,Variable Frequency Drives (VFD) 45kW Inverter,ABB Power Grids India Pvt Ltd,100,UNIT,129118,INR,12911800,1,12911800,1.2912,MRO,2000,FY24
PO-2023-450080,2023-02-15,2023-02-15,MRO-40103,Centrifugal Slurry Pump Impeller Mechanical Seals,Centrifugal Slurry Pump Impeller Mechanical Seals,Festo Pneumatics India Pvt Ltd,9,SET,22353,INR,201177,1,201177,0.0201,MRO,3000,FY24
PO-2023-450081,2023-03-15,2023-03-15,MRO-40104,Industrial Synthetic Gear Oil ISO VG 220 Drum,Industrial Synthetic Gear Oil ISO VG 220 Drum,Honeywell Industrial Automation,10,DRUM,64059,USD,640590,85.5,54770445,5.477,MRO,1000,FY24
PO-2023-450082,2023-04-15,2023-04-15,MRO-40105,Pneumatic Actuator Solenoid Directional Valves,Pneumatic Actuator Solenoid Directional Valves,SKF Bearing Technologies India,3600,PCS,9853,INR,35470800,1,35470800,3.5471,MRO,1010,FY24
PO-2023-450083,2023-05-15,2023-05-15,PPE-50101,3M Industrial N95 Filtering Facepiece Respirators,3M Industrial N95 Filtering Facepiece Respirators,3M Safety & Industrial PPE Ltd,3700,BOX,86,USD,318200,85.5,27206100,2.7206,CONSUMABLES,1020,FY24
PO-2023-450084,2023-06-15,2023-06-15,PPE-50102,Heavy Duty Nitrile Chemical Protection Gloves,Heavy Duty Nitrile Chemical Protection Gloves,3M Safety & Industrial PPE Ltd,25,PAIR,244,USD,6100,85.5,521550,0.0522,CONSUMABLES,2000,FY24
PO-2023-450085,2023-07-15,2023-07-15,MAT-10101,High Density Polyethylene (HDPE) Polymers,High Density Polyethylene (HDPE) Polymers,Contoso Polymer Logistics Ltd,23,MT,1529,EUR,35167,92.4,3249431,0.3249,POLYMERS,3000,FY24
PO-2023-450086,2023-08-15,2023-08-15,MAT-10102,Polypropylene (PP) Injection Moulding Resin,Polypropylene (PP) Injection Moulding Resin,Basell Polyolefins Europe NV,25,MT,1100,EUR,27500,92.4,2541000,0.2541,POLYMERS,1000,FY24
PO-2023-450087,2023-09-15,2023-09-15,MAT-10103,Linear Low-Density Polyethylene (LLDPE) Film Grade,Linear Low-Density Polyethylene (LLDPE) Film Grade,3M Safety & Industrial PPE Ltd,27,MT,1171,USD,31617,85.5,2703254,0.2703,POLYMERS,1010,FY24
PO-2023-450088,2023-10-15,2023-10-15,MAT-10201,Hydrochloric Acid 33% Industrial Grade,Hydrochloric Acid 33% Industrial Grade,Dow Chemical Americas Inc,45,KL,127,USD,5715,85.5,488633,0.0489,CHEMICAL,1020,FY24
PO-2023-450089,2023-11-15,2023-11-15,MAT-10202,Caustic Soda Lye 48% Bulk Solution,Caustic Soda Lye 48% Bulk Solution,Pidilite Industrial Adhesives Ltd,31,MT,299,INR,9269,1,9269,0.0009,CHEMICAL,2000,FY24
PO-2023-450090,2023-12-15,2023-12-15,MAT-10203,Titanium Dioxide Rutile White Pigment,Titanium Dioxide Rutile White Pigment,BASF Speciality Chemicals SE,600,KG,2341,EUR,1404600,92.4,129785040,12.9785,CHEMICAL,3000,FY24
PO-2024-450091,2024-01-15,2024-01-15,MAT-10204,Sulfuric Acid 98% Commercial Grade,Sulfuric Acid 98% Commercial Grade,UPL Agro & Bulk Chemical Corp,35,MT,101,INR,3535,1,3535,0.0004,CHEMICAL,1000,FY25
PO-2024-450092,2024-02-15,2024-02-15,MAT-10104,Polyvinyl Chloride (PVC) Suspension Resin,Polyvinyl Chloride (PVC) Suspension Resin,SABIC Petrochemical Middle East,37,MT,1074,USD,39738,85.5,3397599,0.3398,POLYMERS,1010,FY25
PO-2024-450093,2024-03-15,2024-03-15,MAT-10205,Industrial Synthetic Adhesives & Sealants,Industrial Synthetic Adhesives & Sealants,Borealis Chemical Supply GmbH,750,KG,420,EUR,315000,92.4,29106000,2.9106,CHEMICAL,1020,FY25
PO-2024-450094,2024-04-15,2024-04-15,PKG-20101,5-Ply Corrugated Heavy Duty Shipping Boxes,5-Ply Corrugated Heavy Duty Shipping Boxes,Signode Industrial Packaging Ltd,4800,BOX,49,INR,235200,1,235200,0.0235,PACKAGING,2000,FY25
PO-2024-450095,2024-05-15,2024-05-15,PKG-20102,Printed Multi-Layer Flexible Packaging Laminates,Printed Multi-Layer Flexible Packaging Laminates,Huhtamaki Flexible Packaging Ltd,850,KG,268,INR,227800,1,227800,0.0228,PACKAGING,3000,FY25
PO-2024-450096,2024-06-15,2024-06-15,PKG-20103,Mono Carton Packaging Printed Paperboard,Mono Carton Packaging Printed Paperboard,Essel Propack Laminated Tubes,5000,PCS,14,INR,70000,1,70000,0.007,PACKAGING,1000,FY25
PO-2024-450097,2024-07-15,2024-07-15,PKG-20104,Automatic Stretch Film Wrapping Rolls 23 Microns,Automatic Stretch Film Wrapping Rolls 23 Microns,Amcor Packaging India Ltd,90,ROLL,199,INR,17910,1,17910,0.0018,PACKAGING,1010,FY25
PO-2024-450098,2024-08-15,2024-08-15,PKG-20105,Polypropylene Heavy Duty Strapping Bands,Polypropylene Heavy Duty Strapping Bands,TCPL Packaging Containers,95,ROLL,1097,INR,104215,1,104215,0.0104,PACKAGING,1020,FY25
PO-2024-450099,2024-09-15,2024-09-15,PKG-20106,Laminated Barrier Tubes for Specialty Liquids,Laminated Barrier Tubes for Specialty Liquids,Parksons Packaging Solutions,5300,PCS,24,INR,127200,1,127200,0.0127,PACKAGING,2000,FY25
PO-2024-450100,2024-10-15,2024-10-15,PKG-20107,HDPE Plastic Drums 200 Litres Capacity,HDPE Plastic Drums 200 Litres Capacity,Universal Corrugators Pvt Ltd,5,DRUM,1744,INR,8720,1,8720,0.0009,PACKAGING,3000,FY25
PO-2024-450101,2024-11-15,2024-11-15,FRT-30101,Road FTL 32-Foot Multi-Axle Container Trucking,Road FTL 32-Foot Multi-Axle Container Trucking,Blue Dart Express Domestic Freight,5,TRIP,80294,INR,401470,1,401470,0.0401,FREIGHT,1000,FY25
PO-2024-450102,2024-12-15,2024-12-15,FRT-30102,40ft High Cube Ocean Freight Container Shipping,40ft High Cube Ocean Freight Container Shipping,TCI Freight Transport Logistics,6,CONT,3118,INR,18708,1,18708,0.0019,FREIGHT,1010,FY25
PO-2025-450103,2025-01-15,2025-01-15,FRT-30103,Cold Chain Refrigerated Express Transport,Cold Chain Refrigerated Express Transport,DHL Global Freight Solutions,1,TRIP,65000,EUR,65000,92.4,6006000,0.6006,FREIGHT,1020,FY26
PO-2025-450104,2025-02-15,2025-02-15,FRT-30104,Warehouse 3PL Material Staging & Storage Services,Warehouse 3PL Material Staging & Storage Services,Maersk Line Logistics India,25,MONTH,161765,USD,4044125,85.5,345772688,34.5773,FREIGHT,2000,FY26
PO-2025-450105,2025-03-15,2025-03-15,FRT-30105,Air Cargo Express Customs Cleared Freight,Air Cargo Express Customs Cleared Freight,3M Safety & Industrial PPE Ltd,1350,KG,351,USD,473850,85.5,40514175,4.0514,FREIGHT,3000,FY26
PO-2025-450106,2025-04-15,2025-04-15,MRO-40101,Deep Groove Ball Bearings SKF Explorer Series,Deep Groove Ball Bearings SKF Explorer Series,ABB Power Grids India Pvt Ltd,11,SET,2629,INR,28919,1,28919,0.0029,MRO,1000,FY26
PO-2025-450107,2025-05-15,2025-05-15,MRO-40102,Variable Frequency Drives (VFD) 45kW Inverter,Variable Frequency Drives (VFD) 45kW Inverter,Festo Pneumatics India Pvt Ltd,40,UNIT,102647,INR,4105880,1,4105880,0.4106,MRO,1010,FY26
PO-2025-450108,2025-06-15,2025-06-15,MRO-40103,Centrifugal Slurry Pump Impeller Mechanical Seals,Centrifugal Slurry Pump Impeller Mechanical Seals,Honeywell Industrial Automation,13,SET,16706,USD,217178,85.5,18568719,1.8569,MRO,1020,FY26
PO-2025-450109,2025-07-15,2025-07-15,MRO-40104,Industrial Synthetic Gear Oil ISO VG 220 Drum,Industrial Synthetic Gear Oil ISO VG 220 Drum,SKF Bearing Technologies India,2,DRUM,54529,INR,109058,1,109058,0.0109,MRO,2000,FY26
PO-2025-450110,2025-08-15,2025-08-15,MRO-40105,Pneumatic Actuator Solenoid Directional Valves,Pneumatic Actuator Solenoid Directional Valves,Siemens Industrial Automation Ltd,1400,PCS,7382,EUR,10334800,92.4,954935520,95.4936,MRO,3000,FY26
PO-2025-450111,2025-09-15,2025-09-15,PPE-50101,3M Industrial N95 Filtering Facepiece Respirators,3M Industrial N95 Filtering Facepiece Respirators,3M Safety & Industrial PPE Ltd,1500,BOX,69,USD,103500,85.5,8849250,0.8849,CONSUMABLES,1000,FY26
PO-2025-450112,2025-10-15,2025-10-15,PPE-50102,Heavy Duty Nitrile Chemical Protection Gloves,Heavy Duty Nitrile Chemical Protection Gloves,3M Safety & Industrial PPE Ltd,65,PAIR,194,USD,12610,85.5,1078155,0.1078,CONSUMABLES,1010,FY26
PO-2025-450113,2025-11-15,2025-11-15,MAT-10101,High Density Polyethylene (HDPE) Polymers,High Density Polyethylene (HDPE) Polymers,Contoso Polymer Logistics Ltd,29,MT,1406,EUR,40774,92.4,3767518,0.3768,POLYMERS,1020,FY26
PO-2025-450114,2025-12-15,2025-12-15,MAT-10102,Polypropylene (PP) Injection Moulding Resin,Polypropylene (PP) Injection Moulding Resin,Basell Polyolefins Europe NV,31,MT,1326,EUR,41106,92.4,3798194,0.3798,POLYMERS,2000,FY26
PO-2026-450115,2026-01-15,2026-01-15,MAT-10103,Linear Low-Density Polyethylene (LLDPE) Film Grade,Linear Low-Density Polyethylene (LLDPE) Film Grade,3M Safety & Industrial PPE Ltd,33,MT,1397,USD,46101,85.5,3941636,0.3942,POLYMERS,3000,FY26
PO-2026-450116,2026-02-15,2026-02-15,MAT-10201,Hydrochloric Acid 33% Industrial Grade,Hydrochloric Acid 33% Industrial Grade,Dow Chemical Americas Inc,85,KL,166,USD,14110,85.5,1206405,0.1206,CHEMICAL,1000,FY26
PO-2026-450117,2026-03-15,2026-03-15,MAT-10202,Caustic Soda Lye 48% Bulk Solution,Caustic Soda Lye 48% Bulk Solution,Pidilite Industrial Adhesives Ltd,37,MT,371,INR,13727,1,13727,0.0014,CHEMICAL,1010,FY26
PO-2023-450118,2023-01-15,2023-01-15,MAT-10203,Titanium Dioxide Rutile White Pigment,Titanium Dioxide Rutile White Pigment,BASF Speciality Chemicals SE,2000,KG,2729,EUR,5458000,92.4,504319200,50.4319,CHEMICAL,1020,FY24
PO-2023-450119,2023-02-15,2023-02-15,MAT-10204,Sulfuric Acid 98% Commercial Grade,Sulfuric Acid 98% Commercial Grade,UPL Agro & Bulk Chemical Corp,41,MT,137,INR,5617,1,5617,0.0006,CHEMICAL,2000,FY24
PO-2023-450120,2023-03-15,2023-03-15,MAT-10104,Polyvinyl Chloride (PVC) Suspension Resin,Polyvinyl Chloride (PVC) Suspension Resin,SABIC Petrochemical Middle East,43,MT,950,USD,40850,85.5,3492675,0.3493,POLYMERS,3000,FY24
PO-2023-450121,2023-04-15,2023-04-15,MAT-10205,Industrial Synthetic Adhesives & Sealants,Industrial Synthetic Adhesives & Sealants,Borealis Chemical Supply GmbH,150,KG,360,EUR,54000,92.4,4989600,0.499,CHEMICAL,1000,FY24
PO-2023-450122,2023-05-15,2023-05-15,PKG-20101,5-Ply Corrugated Heavy Duty Shipping Boxes,5-Ply Corrugated Heavy Duty Shipping Boxes,TCPL Packaging Containers,2600,BOX,39,INR,101400,1,101400,0.0101,PACKAGING,1010,FY24
PO-2023-450123,2023-06-15,2023-06-15,PKG-20102,Printed Multi-Layer Flexible Packaging Laminates,Printed Multi-Layer Flexible Packaging Laminates,Parksons Packaging Solutions,250,KG,236,INR,59000,1,59000,0.0059,PACKAGING,1020,FY24
PO-2023-450124,2023-07-15,2023-07-15,PKG-20103,Mono Carton Packaging Printed Paperboard,Mono Carton Packaging Printed Paperboard,Universal Corrugators Pvt Ltd,2800,PCS,10,INR,28000,1,28000,0.0028,PACKAGING,2000,FY24
PO-2023-450125,2023-08-15,2023-08-15,PKG-20104,Automatic Stretch Film Wrapping Rolls 23 Microns,Automatic Stretch Film Wrapping Rolls 23 Microns,3M Safety & Industrial PPE Ltd,30,ROLL,178,USD,5340,85.5,456570,0.0457,PACKAGING,3000,FY24
PO-2023-450126,2023-09-15,2023-09-15,PKG-20105,Polypropylene Heavy Duty Strapping Bands,Polypropylene Heavy Duty Strapping Bands,Signode Industrial Packaging Ltd,35,ROLL,974,INR,34090,1,34090,0.0034,PACKAGING,1000,FY24
PO-2023-450127,2023-10-15,2023-10-15,PKG-20106,Laminated Barrier Tubes for Specialty Liquids,Laminated Barrier Tubes for Specialty Liquids,Huhtamaki Flexible Packaging Ltd,3100,PCS,19,INR,58900,1,58900,0.0059,PACKAGING,1010,FY24
PO-2023-450128,2023-11-15,2023-11-15,PKG-20107,HDPE Plastic Drums 200 Litres Capacity,HDPE Plastic Drums 200 Litres Capacity,Essel Propack Laminated Tubes,9,DRUM,1532,INR,13788,1,13788,0.0014,PACKAGING,1020,FY24
PO-2023-450129,2023-12-15,2023-12-15,FRT-30101,Road FTL 32-Foot Multi-Axle Container Trucking,Road FTL 32-Foot Multi-Axle Container Trucking,3M Safety & Industrial PPE Ltd,3,TRIP,66176,USD,198528,85.5,16974144,1.6974,FREIGHT,2000,FY24
PO-2024-450130,2024-01-15,2024-01-15,FRT-30102,40ft High Cube Ocean Freight Container Shipping,40ft High Cube Ocean Freight Container Shipping,Kuehne + Nagel Supply Chain Ltd,4,CONT,2624,USD,10496,85.5,897408,0.0897,FREIGHT,3000,FY25
PO-2024-450131,2024-02-15,2024-02-15,FRT-30103,Cold Chain Refrigerated Express Transport,Cold Chain Refrigerated Express Transport,Blue Dart Express Domestic Freight,5,TRIP,94118,INR,470590,1,470590,0.0471,FREIGHT,1000,FY25
PO-2024-450132,2024-03-15,2024-03-15,FRT-30104,Warehouse 3PL Material Staging & Storage Services,Warehouse 3PL Material Staging & Storage Services,TCI Freight Transport Logistics,65,MONTH,291176,INR,18926440,1,18926440,1.8926,FREIGHT,1010,FY25
PO-2024-450133,2024-04-15,2024-04-15,FRT-30105,Air Cargo Express Customs Cleared Freight,Air Cargo Express Customs Cleared Freight,DHL Global Freight Solutions,750,KG,519,EUR,389250,92.4,35966700,3.5967,FREIGHT,1020,FY25
PO-2024-450134,2024-05-15,2024-05-15,MRO-40101,Deep Groove Ball Bearings SKF Explorer Series,Deep Groove Ball Bearings SKF Explorer Series,Festo Pneumatics India Pvt Ltd,3,SET,5671,INR,17013,1,17013,0.0017,MRO,2000,FY25
PO-2024-450135,2024-06-15,2024-06-15,MRO-40102,Variable Frequency Drives (VFD) 45kW Inverter,Variable Frequency Drives (VFD) 45kW Inverter,Honeywell Industrial Automation,80,UNIT,151176,USD,12094080,85.5,1034043840,103.4044,MRO,3000,FY25
PO-2024-450136,2024-07-15,2024-07-15,MRO-40103,Centrifugal Slurry Pump Impeller Mechanical Seals,Centrifugal Slurry Pump Impeller Mechanical Seals,SKF Bearing Technologies India,5,SET,27059,INR,135295,1,135295,0.0135,MRO,1000,FY25
PO-2024-450137,2024-08-15,2024-08-15,MRO-40104,Industrial Synthetic Gear Oil ISO VG 220 Drum,Industrial Synthetic Gear Oil ISO VG 220 Drum,Siemens Industrial Automation Ltd,6,DRUM,45000,EUR,270000,92.4,24948000,2.4948,MRO,1010,FY25
PO-2024-450138,2024-09-15,2024-09-15,MRO-40105,Pneumatic Actuator Solenoid Directional Valves,Pneumatic Actuator Solenoid Directional Valves,3M Safety & Industrial PPE Ltd,4200,PCS,4912,USD,20630400,85.5,1763899200,176.3899,MRO,1020,FY25
PO-2024-450139,2024-10-15,2024-10-15,PPE-50101,3M Industrial N95 Filtering Facepiece Respirators,3M Industrial N95 Filtering Facepiece Respirators,3M Safety & Industrial PPE Ltd,4300,BOX,51,USD,219300,85.5,18750150,1.875,CONSUMABLES,2000,FY25
PO-2024-450140,2024-11-15,2024-11-15,PPE-50102,Heavy Duty Nitrile Chemical Protection Gloves,Heavy Duty Nitrile Chemical Protection Gloves,3M Safety & Industrial PPE Ltd,105,PAIR,145,USD,15225,85.5,1301738,0.1302,CONSUMABLES,3000,FY25
PO-2024-450141,2024-12-15,2024-12-15,MAT-10101,High Density Polyethylene (HDPE) Polymers,High Density Polyethylene (HDPE) Polymers,Contoso Polymer Logistics Ltd,35,MT,1282,EUR,44870,92.4,4145988,0.4146,POLYMERS,1000,FY25
PO-2025-450142,2025-01-15,2025-01-15,MAT-10102,Polypropylene (PP) Injection Moulding Resin,Polypropylene (PP) Injection Moulding Resin,Basell Polyolefins Europe NV,37,MT,1203,EUR,44511,92.4,4112816,0.4113,POLYMERS,1010,FY26
PO-2025-450143,2025-02-15,2025-02-15,MAT-10103,Linear Low-Density Polyethylene (LLDPE) Film Grade,Linear Low-Density Polyethylene (LLDPE) Film Grade,3M Safety & Industrial PPE Ltd,39,MT,1274,USD,49686,85.5,4248153,0.4248,POLYMERS,1020,FY26
PO-2025-450144,2025-03-15,2025-03-15,MAT-10201,Hydrochloric Acid 33% Industrial Grade,Hydrochloric Acid 33% Industrial Grade,Dow Chemical Americas Inc,25,KL,145,USD,3625,85.5,309938,0.031,CHEMICAL,2000,FY26
PO-2025-450145,2025-04-15,2025-04-15,MAT-10202,Caustic Soda Lye 48% Bulk Solution,Caustic Soda Lye 48% Bulk Solution,Pidilite Industrial Adhesives Ltd,43,MT,332,INR,14276,1,14276,0.0014,CHEMICAL,3000,FY26
PO-2025-450146,2025-05-15,2025-05-15,MAT-10203,Titanium Dioxide Rutile White Pigment,Titanium Dioxide Rutile White Pigment,BASF Speciality Chemicals SE,1400,KG,2518,EUR,3525200,92.4,325728480,32.5728,CHEMICAL,1000,FY26
PO-2025-450147,2025-06-15,2025-06-15,MAT-10204,Sulfuric Acid 98% Commercial Grade,Sulfuric Acid 98% Commercial Grade,UPL Agro & Bulk Chemical Corp,47,MT,117,INR,5499,1,5499,0.0005,CHEMICAL,1010,FY26
PO-2025-450148,2025-07-15,2025-07-15,MAT-10104,Polyvinyl Chloride (PVC) Suspension Resin,Polyvinyl Chloride (PVC) Suspension Resin,SABIC Petrochemical Middle East,49,MT,1176,USD,57624,85.5,4926852,0.4927,POLYMERS,1020,FY26
PO-2025-450149,2025-08-15,2025-08-15,MAT-10205,Industrial Synthetic Adhesives & Sealants,Industrial Synthetic Adhesives & Sealants,Borealis Chemical Supply GmbH,1550,KG,470,EUR,728500,92.4,67313400,6.7313,CHEMICAL,2000,FY26
PO-2025-450150,2025-09-15,2025-09-15,PKG-20101,5-Ply Corrugated Heavy Duty Shipping Boxes,5-Ply Corrugated Heavy Duty Shipping Boxes,Signode Industrial Packaging Ltd,5400,BOX,58,INR,313200,1,313200,0.0313,PACKAGING,3000,FY26
PO-2025-450151,2025-10-15,2025-10-15,PKG-20102,Printed Multi-Layer Flexible Packaging Laminates,Printed Multi-Layer Flexible Packaging Laminates,Huhtamaki Flexible Packaging Ltd,1650,KG,294,INR,485100,1,485100,0.0485,PACKAGING,1000,FY26
PO-2025-450152,2025-11-15,2025-11-15,PKG-20103,Mono Carton Packaging Printed Paperboard,Mono Carton Packaging Printed Paperboard,Essel Propack Laminated Tubes,600,PCS,17,INR,10200,1,10200,0.001,PACKAGING,1010,FY26
PO-2025-450153,2025-12-15,2025-12-15,PKG-20104,Automatic Stretch Film Wrapping Rolls 23 Microns,Automatic Stretch Film Wrapping Rolls 23 Microns,Amcor Packaging India Ltd,70,ROLL,216,INR,15120,1,15120,0.0015,PACKAGING,1020,FY26
PO-2026-450154,2026-01-15,2026-01-15,PKG-20105,Polypropylene Heavy Duty Strapping Bands,Polypropylene Heavy Duty Strapping Bands,TCPL Packaging Containers,75,ROLL,850,INR,63750,1,63750,0.0064,PACKAGING,2000,FY26
PO-2026-450155,2026-02-15,2026-02-15,PKG-20106,Laminated Barrier Tubes for Specialty Liquids,Laminated Barrier Tubes for Specialty Liquids,Parksons Packaging Solutions,900,PCS,13,INR,11700,1,11700,0.0012,PACKAGING,3000,FY26
PO-2026-450156,2026-03-15,2026-03-15,PKG-20107,HDPE Plastic Drums 200 Litres Capacity,HDPE Plastic Drums 200 Litres Capacity,Universal Corrugators Pvt Ltd,13,DRUM,1321,INR,17173,1,17173,0.0017,PACKAGING,1000,FY26
PO-2023-450157,2023-01-15,2023-01-15,FRT-30101,Road FTL 32-Foot Multi-Axle Container Trucking,Road FTL 32-Foot Multi-Axle Container Trucking,DHL Global Freight Solutions,1,TRIP,52059,EUR,52059,92.4,4810252,0.481,FREIGHT,1010,FY24
PO-2023-450158,2023-02-15,2023-02-15,FRT-30102,40ft High Cube Ocean Freight Container Shipping,40ft High Cube Ocean Freight Container Shipping,Maersk Line Logistics India,2,CONT,2129,USD,4258,85.5,364059,0.0364,FREIGHT,1020,FY24
PO-2023-450159,2023-03-15,2023-03-15,FRT-30103,Cold Chain Refrigerated Express Transport,Cold Chain Refrigerated Express Transport,3M Safety & Industrial PPE Ltd,3,TRIP,78235,USD,234705,85.5,20067278,2.0067,FREIGHT,2000,FY24
PO-2023-450160,2023-04-15,2023-04-15,FRT-30104,Warehouse 3PL Material Staging & Storage Services,Warehouse 3PL Material Staging & Storage Services,Kuehne + Nagel Supply Chain Ltd,105,MONTH,220588,USD,23161740,85.5,1980328770,198.0329,FREIGHT,3000,FY24
PO-2023-450161,2023-05-15,2023-05-15,FRT-30105,Air Cargo Express Customs Cleared Freight,Air Cargo Express Customs Cleared Freight,Blue Dart Express Domestic Freight,150,KG,427,INR,64050,1,64050,0.0064,FREIGHT,1000,FY24
PO-2023-450162,2023-06-15,2023-06-15,MRO-40101,Deep Groove Ball Bearings SKF Explorer Series,Deep Groove Ball Bearings SKF Explorer Series,Honeywell Industrial Automation,7,SET,4012,USD,28084,85.5,2401182,0.2401,MRO,1010,FY24
PO-2023-450163,2023-07-15,2023-07-15,MRO-40102,Variable Frequency Drives (VFD) 45kW Inverter,Variable Frequency Drives (VFD) 45kW Inverter,SKF Bearing Technologies India,20,UNIT,124706,INR,2494120,1,2494120,0.2494,MRO,1020,FY24
PO-2023-450164,2023-08-15,2023-08-15,MRO-40103,Centrifugal Slurry Pump Impeller Mechanical Seals,Centrifugal Slurry Pump Impeller Mechanical Seals,Siemens Industrial Automation Ltd,9,SET,21412,EUR,192708,92.4,17806219,1.7806,MRO,2000,FY24
PO-2023-450165,2023-09-15,2023-09-15,MRO-40104,Industrial Synthetic Gear Oil ISO VG 220 Drum,Industrial Synthetic Gear Oil ISO VG 220 Drum,3M Safety & Industrial PPE Ltd,10,DRUM,62471,USD,624710,85.5,53412705,5.3413,MRO,3000,FY24
PO-2023-450166,2023-10-15,2023-10-15,MRO-40105,Pneumatic Actuator Solenoid Directional Valves,Pneumatic Actuator Solenoid Directional Valves,Schneider Electric Power Systems,2000,PCS,9441,INR,18882000,1,18882000,1.8882,MRO,1000,FY24
PO-2023-450167,2023-11-15,2023-11-15,PPE-50101,3M Industrial N95 Filtering Facepiece Respirators,3M Industrial N95 Filtering Facepiece Respirators,3M Safety & Industrial PPE Ltd,2100,BOX,83,USD,174300,85.5,14902650,1.4903,CONSUMABLES,1010,FY24
PO-2023-450168,2023-12-15,2023-12-15,PPE-50102,Heavy Duty Nitrile Chemical Protection Gloves,Heavy Duty Nitrile Chemical Protection Gloves,3M Safety & Industrial PPE Ltd,45,PAIR,235,USD,10575,85.5,904163,0.0904,CONSUMABLES,1020,FY24
PO-2024-450169,2024-01-15,2024-01-15,MAT-10101,High Density Polyethylene (HDPE) Polymers,High Density Polyethylene (HDPE) Polymers,Contoso Polymer Logistics Ltd,41,MT,1509,EUR,61869,92.4,5716696,0.5717,POLYMERS,2000,FY25
PO-2024-450170,2024-02-15,2024-02-15,MAT-10102,Polypropylene (PP) Injection Moulding Resin,Polypropylene (PP) Injection Moulding Resin,Basell Polyolefins Europe NV,43,MT,1429,EUR,61447,92.4,5677703,0.5678,POLYMERS,3000,FY25
PO-2024-450171,2024-03-15,2024-03-15,MAT-10103,Linear Low-Density Polyethylene (LLDPE) Film Grade,Linear Low-Density Polyethylene (LLDPE) Film Grade,3M Safety & Industrial PPE Ltd,45,MT,1150,USD,51750,85.5,4424625,0.4425,POLYMERS,1000,FY25
PO-2024-450172,2024-04-15,2024-04-15,MAT-10201,Hydrochloric Acid 33% Industrial Grade,Hydrochloric Acid 33% Industrial Grade,Dow Chemical Americas Inc,65,KL,124,USD,8060,85.5,689130,0.0689,CHEMICAL,1010,FY25
PO-2024-450173,2024-05-15,2024-05-15,MAT-10202,Caustic Soda Lye 48% Bulk Solution,Caustic Soda Lye 48% Bulk Solution,Pidilite Industrial Adhesives Ltd,49,MT,293,INR,14357,1,14357,0.0014,CHEMICAL,1020,FY25
PO-2024-450174,2024-06-15,2024-06-15,MAT-10203,Titanium Dioxide Rutile White Pigment,Titanium Dioxide Rutile White Pigment,BASF Speciality Chemicals SE,800,KG,2306,EUR,1844800,92.4,170459520,17.046,CHEMICAL,2000,FY25
PO-2024-450175,2024-07-15,2024-07-15,MAT-10204,Sulfuric Acid 98% Commercial Grade,Sulfuric Acid 98% Commercial Grade,UPL Agro & Bulk Chemical Corp,53,MT,98,INR,5194,1,5194,0.0005,CHEMICAL,3000,FY25
PO-2024-450176,2024-08-15,2024-08-15,MAT-10104,Polyvinyl Chloride (PVC) Suspension Resin,Polyvinyl Chloride (PVC) Suspension Resin,SABIC Petrochemical Middle East,5,MT,1053,USD,5265,85.5,450158,0.045,POLYMERS,1000,FY25
PO-2024-450177,2024-09-15,2024-09-15,MAT-10205,Industrial Synthetic Adhesives & Sealants,Industrial Synthetic Adhesives & Sealants,Borealis Chemical Supply GmbH,950,KG,410,EUR,389500,92.4,35989800,3.599,CHEMICAL,1010,FY25
PO-2024-450178,2024-10-15,2024-10-15,PKG-20101,5-Ply Corrugated Heavy Duty Shipping Boxes,5-Ply Corrugated Heavy Duty Shipping Boxes,TCPL Packaging Containers,3200,BOX,47,INR,150400,1,150400,0.015,PACKAGING,1020,FY25
PO-2024-450179,2024-11-15,2024-11-15,PKG-20102,Printed Multi-Layer Flexible Packaging Laminates,Printed Multi-Layer Flexible Packaging Laminates,Parksons Packaging Solutions,1050,KG,262,INR,275100,1,275100,0.0275,PACKAGING,2000,FY25
PO-2024-450180,2024-12-15,2024-12-15,PKG-20103,Mono Carton Packaging Printed Paperboard,Mono Carton Packaging Printed Paperboard,Universal Corrugators Pvt Ltd,3400,PCS,13,INR,44200,1,44200,0.0044,PACKAGING,3000,FY25
PO-2025-450181,2025-01-15,2025-01-15,PKG-20104,Automatic Stretch Film Wrapping Rolls 23 Microns,Automatic Stretch Film Wrapping Rolls 23 Microns,3M Safety & Industrial PPE Ltd,10,ROLL,195,USD,1950,85.5,166725,0.0167,PACKAGING,1000,FY26
PO-2025-450182,2025-02-15,2025-02-15,PKG-20105,Polypropylene Heavy Duty Strapping Bands,Polypropylene Heavy Duty Strapping Bands,Signode Industrial Packaging Ltd,15,ROLL,1076,INR,16140,1,16140,0.0016,PACKAGING,1010,FY26
PO-2025-450183,2025-03-15,2025-03-15,PKG-20106,Laminated Barrier Tubes for Specialty Liquids,Laminated Barrier Tubes for Specialty Liquids,Huhtamaki Flexible Packaging Ltd,3700,PCS,23,INR,85100,1,85100,0.0085,PACKAGING,1020,FY26
PO-2025-450184,2025-04-15,2025-04-15,PKG-20107,HDPE Plastic Drums 200 Litres Capacity,HDPE Plastic Drums 200 Litres Capacity,Essel Propack Laminated Tubes,5,DRUM,1709,INR,8545,1,8545,0.0009,PACKAGING,2000,FY26
PO-2025-450185,2025-05-15,2025-05-15,FRT-30101,Road FTL 32-Foot Multi-Axle Container Trucking,Road FTL 32-Foot Multi-Axle Container Trucking,Blue Dart Express Domestic Freight,5,TRIP,77941,INR,389705,1,389705,0.039,FREIGHT,3000,FY26
PO-2025-450186,2025-06-15,2025-06-15,FRT-30102,40ft High Cube Ocean Freight Container Shipping,40ft High Cube Ocean Freight Container Shipping,TCI Freight Transport Logistics,6,CONT,3035,INR,18210,1,18210,0.0018,FREIGHT,1000,FY26
PO-2025-450187,2025-07-15,2025-07-15,FRT-30103,Cold Chain Refrigerated Express Transport,Cold Chain Refrigerated Express Transport,DHL Global Freight Solutions,1,TRIP,107353,EUR,107353,92.4,9919417,0.9919,FREIGHT,1010,FY26
PO-2025-450188,2025-08-15,2025-08-15,FRT-30104,Warehouse 3PL Material Staging & Storage Services,Warehouse 3PL Material Staging & Storage Services,Maersk Line Logistics India,45,MONTH,150000,USD,6750000,85.5,577125000,57.7125,FREIGHT,1020,FY26
PO-2025-450189,2025-09-15,2025-09-15,FRT-30105,Air Cargo Express Customs Cleared Freight,Air Cargo Express Customs Cleared Freight,3M Safety & Industrial PPE Ltd,1550,KG,335,USD,519250,85.5,44395875,4.4396,FREIGHT,2000,FY26
PO-2025-450190,2025-10-15,2025-10-15,MRO-40101,Deep Groove Ball Bearings SKF Explorer Series,Deep Groove Ball Bearings SKF Explorer Series,SKF Bearing Technologies India,11,SET,2353,INR,25883,1,25883,0.0026,MRO,3000,FY26
PO-2025-450191,2025-11-15,2025-11-15,MRO-40102,Variable Frequency Drives (VFD) 45kW Inverter,Variable Frequency Drives (VFD) 45kW Inverter,Siemens Industrial Automation Ltd,60,UNIT,98235,EUR,5894100,92.4,544614840,54.4615,MRO,1000,FY26
PO-2025-450192,2025-12-15,2025-12-15,MRO-40103,Centrifugal Slurry Pump Impeller Mechanical Seals,Centrifugal Slurry Pump Impeller Mechanical Seals,3M Safety & Industrial PPE Ltd,13,SET,15765,USD,204945,85.5,17522798,1.7523,MRO,1010,FY26
PO-2026-450193,2026-01-15,2026-01-15,MRO-40104,Industrial Synthetic Gear Oil ISO VG 220 Drum,Industrial Synthetic Gear Oil ISO VG 220 Drum,Schneider Electric Power Systems,2,DRUM,52941,INR,105882,1,105882,0.0106,MRO,1020,FY26
PO-2026-450194,2026-02-15,2026-02-15,MRO-40105,Pneumatic Actuator Solenoid Directional Valves,Pneumatic Actuator Solenoid Directional Valves,Atlas Copco Compressor India,4800,PCS,6971,INR,33460800,1,33460800,3.3461,MRO,2000,FY26
PO-2026-450195,2026-03-15,2026-03-15,PPE-50101,3M Industrial N95 Filtering Facepiece Respirators,3M Industrial N95 Filtering Facepiece Respirators,3M Safety & Industrial PPE Ltd,4900,BOX,66,USD,323400,85.5,27650700,2.7651,CONSUMABLES,3000,FY26
PO-2023-450196,2023-01-15,2023-01-15,PPE-50102,Heavy Duty Nitrile Chemical Protection Gloves,Heavy Duty Nitrile Chemical Protection Gloves,3M Safety & Industrial PPE Ltd,85,PAIR,186,USD,15810,85.5,1351755,0.1352,CONSUMABLES,1000,FY24
PO-2023-450197,2023-02-15,2023-02-15,MAT-10101,High Density Polyethylene (HDPE) Polymers,High Density Polyethylene (HDPE) Polymers,Contoso Polymer Logistics Ltd,47,MT,1385,EUR,65095,92.4,6014778,0.6015,POLYMERS,1010,FY24
PO-2023-450198,2023-03-15,2023-03-15,MAT-10102,Polypropylene (PP) Injection Moulding Resin,Polypropylene (PP) Injection Moulding Resin,Basell Polyolefins Europe NV,49,MT,1306,EUR,63994,92.4,5913046,0.5913,POLYMERS,1020,FY24
PO-2023-450199,2023-04-15,2023-04-15,MAT-10103,Linear Low-Density Polyethylene (LLDPE) Film Grade,Linear Low-Density Polyethylene (LLDPE) Film Grade,3M Safety & Industrial PPE Ltd,51,MT,1376,USD,70176,85.5,6000048,0.6,POLYMERS,2000,FY24
PO-2023-450200,2023-05-15,2023-05-15,MAT-10201,Hydrochloric Acid 33% Industrial Grade,Hydrochloric Acid 33% Industrial Grade,Dow Chemical Americas Inc,105,KL,162,USD,17010,85.5,1454355,0.1454,CHEMICAL,3000,FY24
PO-2023-450201,2023-06-15,2023-06-15,MAT-10202,Caustic Soda Lye 48% Bulk Solution,Caustic Soda Lye 48% Bulk Solution,Pidilite Industrial Adhesives Ltd,5,MT,364,INR,1820,1,1820,0.0002,CHEMICAL,1000,FY24
PO-2023-450202,2023-07-15,2023-07-15,MAT-10203,Titanium Dioxide Rutile White Pigment,Titanium Dioxide Rutile White Pigment,BASF Speciality Chemicals SE,200,KG,2694,EUR,538800,92.4,49785120,4.9785,CHEMICAL,1010,FY24
PO-2023-450203,2023-08-15,2023-08-15,MAT-10204,Sulfuric Acid 98% Commercial Grade,Sulfuric Acid 98% Commercial Grade,UPL Agro & Bulk Chemical Corp,9,MT,134,INR,1206,1,1206,0.0001,CHEMICAL,1020,FY24
PO-2023-450204,2023-09-15,2023-09-15,MAT-10104,Polyvinyl Chloride (PVC) Suspension Resin,Polyvinyl Chloride (PVC) Suspension Resin,SABIC Petrochemical Middle East,11,MT,1279,USD,14069,85.5,1202900,0.1203,POLYMERS,2000,FY24
PO-2023-450205,2023-10-15,2023-10-15,MAT-10205,Industrial Synthetic Adhesives & Sealants,Industrial Synthetic Adhesives & Sealants,Borealis Chemical Supply GmbH,350,KG,350,EUR,122500,92.4,11319000,1.1319,CHEMICAL,3000,FY24
PO-2023-450206,2023-11-15,2023-11-15,PKG-20101,5-Ply Corrugated Heavy Duty Shipping Boxes,5-Ply Corrugated Heavy Duty Shipping Boxes,Signode Industrial Packaging Ltd,1000,BOX,37,INR,37000,1,37000,0.0037,PACKAGING,1000,FY24
PO-2023-450207,2023-12-15,2023-12-15,PKG-20102,Printed Multi-Layer Flexible Packaging Laminates,Printed Multi-Layer Flexible Packaging Laminates,Huhtamaki Flexible Packaging Ltd,450,KG,231,INR,103950,1,103950,0.0104,PACKAGING,1010,FY24
PO-2024-450208,2024-01-15,2024-01-15,PKG-20103,Mono Carton Packaging Printed Paperboard,Mono Carton Packaging Printed Paperboard,Essel Propack Laminated Tubes,1200,PCS,10,INR,12000,1,12000,0.0012,PACKAGING,1020,FY25
PO-2024-450209,2024-02-15,2024-02-15,PKG-20104,Automatic Stretch Film Wrapping Rolls 23 Microns,Automatic Stretch Film Wrapping Rolls 23 Microns,Amcor Packaging India Ltd,50,ROLL,174,INR,8700,1,8700,0.0009,PACKAGING,2000,FY25
PO-2024-450210,2024-03-15,2024-03-15,PKG-20105,Polypropylene Heavy Duty Strapping Bands,Polypropylene Heavy Duty Strapping Bands,TCPL Packaging Containers,55,ROLL,953,INR,52415,1,52415,0.0052,PACKAGING,3000,FY25
PO-2024-450211,2024-04-15,2024-04-15,PKG-20106,Laminated Barrier Tubes for Specialty Liquids,Laminated Barrier Tubes for Specialty Liquids,Parksons Packaging Solutions,1500,PCS,18,INR,27000,1,27000,0.0027,PACKAGING,1000,FY25
PO-2024-450212,2024-05-15,2024-05-15,PKG-20107,HDPE Plastic Drums 200 Litres Capacity,HDPE Plastic Drums 200 Litres Capacity,Universal Corrugators Pvt Ltd,9,DRUM,1497,INR,13473,1,13473,0.0013,PACKAGING,1010,FY25
PO-2024-450213,2024-06-15,2024-06-15,FRT-30101,Road FTL 32-Foot Multi-Axle Container Trucking,Road FTL 32-Foot Multi-Axle Container Trucking,3M Safety & Industrial PPE Ltd,3,TRIP,63824,USD,191472,85.5,16370856,1.6371,FREIGHT,1020,FY25
PO-2024-450214,2024-07-15,2024-07-15,FRT-30102,40ft High Cube Ocean Freight Container Shipping,40ft High Cube Ocean Freight Container Shipping,Kuehne + Nagel Supply Chain Ltd,4,CONT,2541,USD,10164,85.5,869022,0.0869,FREIGHT,2000,FY25
PO-2024-450215,2024-08-15,2024-08-15,FRT-30103,Cold Chain Refrigerated Express Transport,Cold Chain Refrigerated Express Transport,Blue Dart Express Domestic Freight,5,TRIP,91471,INR,457355,1,457355,0.0457,FREIGHT,3000,FY25
PO-2024-450216,2024-09-15,2024-09-15,FRT-30104,Warehouse 3PL Material Staging & Storage Services,Warehouse 3PL Material Staging & Storage Services,TCI Freight Transport Logistics,85,MONTH,279412,INR,23750020,1,23750020,2.375,FREIGHT,1000,FY25
PO-2024-450217,2024-10-15,2024-10-15,FRT-30105,Air Cargo Express Customs Cleared Freight,Air Cargo Express Customs Cleared Freight,DHL Global Freight Solutions,950,KG,504,EUR,478800,92.4,44241120,4.4241,FREIGHT,1010,FY25
PO-2024-450218,2024-11-15,2024-11-15,MRO-40101,Deep Groove Ball Bearings SKF Explorer Series,Deep Groove Ball Bearings SKF Explorer Series,Siemens Industrial Automation Ltd,3,SET,5394,EUR,16182,92.4,1495217,0.1495,MRO,1020,FY25
PO-2024-450219,2024-12-15,2024-12-15,MRO-40102,Variable Frequency Drives (VFD) 45kW Inverter,Variable Frequency Drives (VFD) 45kW Inverter,3M Safety & Industrial PPE Ltd,100,UNIT,146765,USD,14676500,85.5,1254840750,125.4841,MRO,2000,FY25
PO-2025-450220,2025-01-15,2025-01-15,MRO-40103,Centrifugal Slurry Pump Impeller Mechanical Seals,Centrifugal Slurry Pump Impeller Mechanical Seals,Schneider Electric Power Systems,5,SET,26118,INR,130590,1,130590,0.0131,MRO,3000,FY26
PO-2025-450221,2025-02-15,2025-02-15,MRO-40104,Industrial Synthetic Gear Oil ISO VG 220 Drum,Industrial Synthetic Gear Oil ISO VG 220 Drum,Atlas Copco Compressor India,6,DRUM,70412,INR,422472,1,422472,0.0422,MRO,1000,FY26
PO-2025-450222,2025-03-15,2025-03-15,MRO-40105,Pneumatic Actuator Solenoid Directional Valves,Pneumatic Actuator Solenoid Directional Valves,Castrol Industrial Lubricants Ltd,2600,PCS,4500,INR,11700000,1,11700000,1.17,MRO,1010,FY26
PO-2025-450223,2025-04-15,2025-04-15,PPE-50101,3M Industrial N95 Filtering Facepiece Respirators,3M Industrial N95 Filtering Facepiece Respirators,3M Safety & Industrial PPE Ltd,2700,BOX,48,USD,129600,85.5,11080800,1.1081,CONSUMABLES,1020,FY26
PO-2025-450224,2025-05-15,2025-05-15,PPE-50102,Heavy Duty Nitrile Chemical Protection Gloves,Heavy Duty Nitrile Chemical Protection Gloves,3M Safety & Industrial PPE Ltd,25,PAIR,136,USD,3400,85.5,290700,0.0291,CONSUMABLES,2000,FY26
PO-2025-450225,2025-06-15,2025-06-15,MAT-10101,High Density Polyethylene (HDPE) Polymers,High Density Polyethylene (HDPE) Polymers,Contoso Polymer Logistics Ltd,53,MT,1262,EUR,66886,92.4,6180266,0.618,POLYMERS,3000,FY26
PO-2025-450226,2025-07-15,2025-07-15,MAT-10102,Polypropylene (PP) Injection Moulding Resin,Polypropylene (PP) Injection Moulding Resin,Basell Polyolefins Europe NV,5,MT,1182,EUR,5910,92.4,546084,0.0546,POLYMERS,1000,FY26
PO-2025-450227,2025-08-15,2025-08-15,MAT-10103,Linear Low-Density Polyethylene (LLDPE) Film Grade,Linear Low-Density Polyethylene (LLDPE) Film Grade,3M Safety & Industrial PPE Ltd,7,MT,1253,USD,8771,85.5,749921,0.075,POLYMERS,1010,FY26
PO-2025-450228,2025-09-15,2025-09-15,MAT-10201,Hydrochloric Acid 33% Industrial Grade,Hydrochloric Acid 33% Industrial Grade,Dow Chemical Americas Inc,45,KL,141,USD,6345,85.5,542498,0.0542,CHEMICAL,1020,FY26
PO-2025-450229,2025-10-15,2025-10-15,MAT-10202,Caustic Soda Lye 48% Bulk Solution,Caustic Soda Lye 48% Bulk Solution,Pidilite Industrial Adhesives Ltd,11,MT,325,INR,3575,1,3575,0.0004,CHEMICAL,2000,FY26
PO-2025-450230,2025-11-15,2025-11-15,MAT-10203,Titanium Dioxide Rutile White Pigment,Titanium Dioxide Rutile White Pigment,BASF Speciality Chemicals SE,1600,KG,2482,EUR,3971200,92.4,366938880,36.6939,CHEMICAL,3000,FY26
PO-2025-450231,2025-12-15,2025-12-15,MAT-10204,Sulfuric Acid 98% Commercial Grade,Sulfuric Acid 98% Commercial Grade,UPL Agro & Bulk Chemical Corp,15,MT,114,INR,1710,1,1710,0.0002,CHEMICAL,1000,FY26
PO-2026-450232,2026-01-15,2026-01-15,MAT-10104,Polyvinyl Chloride (PVC) Suspension Resin,Polyvinyl Chloride (PVC) Suspension Resin,SABIC Petrochemical Middle East,17,MT,1156,USD,19652,85.5,1680246,0.168,POLYMERS,1010,FY26
PO-2026-450233,2026-02-15,2026-02-15,MAT-10205,Industrial Synthetic Adhesives & Sealants,Industrial Synthetic Adhesives & Sealants,Borealis Chemical Supply GmbH,1750,KG,460,EUR,805000,92.4,74382000,7.4382,CHEMICAL,1020,FY26
PO-2026-450234,2026-03-15,2026-03-15,PKG-20101,5-Ply Corrugated Heavy Duty Shipping Boxes,5-Ply Corrugated Heavy Duty Shipping Boxes,TCPL Packaging Containers,3800,BOX,56,INR,212800,1,212800,0.0213,PACKAGING,2000,FY26
PO-2023-450235,2023-01-15,2023-01-15,PKG-20102,Printed Multi-Layer Flexible Packaging Laminates,Printed Multi-Layer Flexible Packaging Laminates,Parksons Packaging Solutions,1850,KG,289,INR,534650,1,534650,0.0535,PACKAGING,3000,FY24
PO-2023-450236,2023-02-15,2023-02-15,PKG-20103,Mono Carton Packaging Printed Paperboard,Mono Carton Packaging Printed Paperboard,Universal Corrugators Pvt Ltd,4000,PCS,16,INR,64000,1,64000,0.0064,PACKAGING,1000,FY24
PO-2023-450237,2023-03-15,2023-03-15,PKG-20104,Automatic Stretch Film Wrapping Rolls 23 Microns,Automatic Stretch Film Wrapping Rolls 23 Microns,3M Safety & Industrial PPE Ltd,90,ROLL,213,USD,19170,85.5,1639035,0.1639,PACKAGING,1010,FY24
PO-2023-450238,2023-04-15,2023-04-15,PKG-20105,Polypropylene Heavy Duty Strapping Bands,Polypropylene Heavy Duty Strapping Bands,Signode Industrial Packaging Ltd,95,ROLL,1179,INR,112005,1,112005,0.0112,PACKAGING,1020,FY24
PO-2023-450239,2023-05-15,2023-05-15,PKG-20106,Laminated Barrier Tubes for Specialty Liquids,Laminated Barrier Tubes for Specialty Liquids,Huhtamaki Flexible Packaging Ltd,4300,PCS,12,INR,51600,1,51600,0.0052,PACKAGING,2000,FY24
PO-2023-450240,2023-06-15,2023-06-15,PKG-20107,HDPE Plastic Drums 200 Litres Capacity,HDPE Plastic Drums 200 Litres Capacity,Essel Propack Laminated Tubes,13,DRUM,1285,INR,16705,1,16705,0.0017,PACKAGING,3000,FY24
PO-2023-450241,2023-07-15,2023-07-15,FRT-30101,Road FTL 32-Foot Multi-Axle Container Trucking,Road FTL 32-Foot Multi-Axle Container Trucking,DHL Global Freight Solutions,1,TRIP,49706,EUR,49706,92.4,4592834,0.4593,FREIGHT,1000,FY24
PO-2023-450242,2023-08-15,2023-08-15,FRT-30102,40ft High Cube Ocean Freight Container Shipping,40ft High Cube Ocean Freight Container Shipping,Maersk Line Logistics India,2,CONT,2047,USD,4094,85.5,350037,0.035,FREIGHT,1010,FY24
PO-2023-450243,2023-09-15,2023-09-15,FRT-30103,Cold Chain Refrigerated Express Transport,Cold Chain Refrigerated Express Transport,3M Safety & Industrial PPE Ltd,3,TRIP,75588,USD,226764,85.5,19388322,1.9388,FREIGHT,1020,FY24
PO-2023-450244,2023-10-15,2023-10-15,FRT-30104,Warehouse 3PL Material Staging & Storage Services,Warehouse 3PL Material Staging & Storage Services,Kuehne + Nagel Supply Chain Ltd,25,MONTH,208824,USD,5220600,85.5,446361300,44.6361,FREIGHT,2000,FY24
PO-2023-450245,2023-11-15,2023-11-15,FRT-30105,Air Cargo Express Customs Cleared Freight,Air Cargo Express Customs Cleared Freight,Blue Dart Express Domestic Freight,350,KG,412,INR,144200,1,144200,0.0144,FREIGHT,3000,FY24
PO-2023-450246,2023-12-15,2023-12-15,MRO-40101,Deep Groove Ball Bearings SKF Explorer Series,Deep Groove Ball Bearings SKF Explorer Series,3M Safety & Industrial PPE Ltd,7,SET,3735,USD,26145,85.5,2235398,0.2235,MRO,1000,FY24
PO-2024-450247,2024-01-15,2024-01-15,MRO-40102,Variable Frequency Drives (VFD) 45kW Inverter,Variable Frequency Drives (VFD) 45kW Inverter,Schneider Electric Power Systems,40,UNIT,120294,INR,4811760,1,4811760,0.4812,MRO,1010,FY25
PO-2024-450248,2024-02-15,2024-02-15,MRO-40103,Centrifugal Slurry Pump Impeller Mechanical Seals,Centrifugal Slurry Pump Impeller Mechanical Seals,Atlas Copco Compressor India,9,SET,20471,INR,184239,1,184239,0.0184,MRO,1020,FY25
PO-2024-450249,2024-03-15,2024-03-15,MRO-40104,Industrial Synthetic Gear Oil ISO VG 220 Drum,Industrial Synthetic Gear Oil ISO VG 220 Drum,Castrol Industrial Lubricants Ltd,10,DRUM,60882,INR,608820,1,608820,0.0609,MRO,2000,FY25
PO-2024-450250,2024-04-15,2024-04-15,MRO-40105,Pneumatic Actuator Solenoid Directional Valves,Pneumatic Actuator Solenoid Directional Valves,ABB Power Grids India Pvt Ltd,5400,PCS,9029,INR,48756600,1,48756600,4.8757,MRO,3000,FY25
PO-2024-450251,2024-05-15,2024-05-15,PPE-50101,3M Industrial N95 Filtering Facepiece Respirators,3M Industrial N95 Filtering Facepiece Respirators,3M Safety & Industrial PPE Ltd,500,BOX,80,USD,40000,85.5,3420000,0.342,CONSUMABLES,1000,FY25
PO-2024-450252,2024-06-15,2024-06-15,PPE-50102,Heavy Duty Nitrile Chemical Protection Gloves,Heavy Duty Nitrile Chemical Protection Gloves,3M Safety & Industrial PPE Ltd,65,PAIR,227,USD,14755,85.5,1261553,0.1262,CONSUMABLES,1010,FY25
PO-2024-450253,2024-07-15,2024-07-15,MAT-10101,High Density Polyethylene (HDPE) Polymers,High Density Polyethylene (HDPE) Polymers,Contoso Polymer Logistics Ltd,9,MT,1488,EUR,13392,92.4,1237421,0.1237,POLYMERS,1020,FY25
PO-2024-450254,2024-08-15,2024-08-15,MAT-10102,Polypropylene (PP) Injection Moulding Resin,Polypropylene (PP) Injection Moulding Resin,Basell Polyolefins Europe NV,11,MT,1409,EUR,15499,92.4,1432108,0.1432,POLYMERS,2000,FY25
PO-2024-450255,2024-09-15,2024-09-15,MAT-10103,Linear Low-Density Polyethylene (LLDPE) Film Grade,Linear Low-Density Polyethylene (LLDPE) Film Grade,3M Safety & Industrial PPE Ltd,13,MT,1479,USD,19227,85.5,1643909,0.1644,POLYMERS,3000,FY25
PO-2024-450256,2024-10-15,2024-10-15,MAT-10201,Hydrochloric Acid 33% Industrial Grade,Hydrochloric Acid 33% Industrial Grade,Dow Chemical Americas Inc,85,KL,120,USD,10200,85.5,872100,0.0872,CHEMICAL,1000,FY25
PO-2024-450257,2024-11-15,2024-11-15,MAT-10202,Caustic Soda Lye 48% Bulk Solution,Caustic Soda Lye 48% Bulk Solution,Pidilite Industrial Adhesives Ltd,17,MT,286,INR,4862,1,4862,0.0005,CHEMICAL,1010,FY25
PO-2024-450258,2024-12-15,2024-12-15,MAT-10203,Titanium Dioxide Rutile White Pigment,Titanium Dioxide Rutile White Pigment,BASF Speciality Chemicals SE,1000,KG,2271,EUR,2271000,92.4,209840400,20.984,CHEMICAL,1020,FY25
PO-2025-450259,2025-01-15,2025-01-15,MAT-10204,Sulfuric Acid 98% Commercial Grade,Sulfuric Acid 98% Commercial Grade,UPL Agro & Bulk Chemical Corp,21,MT,95,INR,1995,1,1995,0.0002,CHEMICAL,2000,FY26
PO-2025-450260,2025-02-15,2025-02-15,MAT-10104,Polyvinyl Chloride (PVC) Suspension Resin,Polyvinyl Chloride (PVC) Suspension Resin,SABIC Petrochemical Middle East,23,MT,1032,USD,23736,85.5,2029428,0.2029,POLYMERS,3000,FY26
PO-2025-450261,2025-03-15,2025-03-15,MAT-10205,Industrial Synthetic Adhesives & Sealants,Industrial Synthetic Adhesives & Sealants,Borealis Chemical Supply GmbH,1150,KG,400,EUR,460000,92.4,42504000,4.2504,CHEMICAL,1000,FY26
PO-2025-450262,2025-04-15,2025-04-15,PKG-20101,5-Ply Corrugated Heavy Duty Shipping Boxes,5-Ply Corrugated Heavy Duty Shipping Boxes,Signode Industrial Packaging Ltd,1600,BOX,46,INR,73600,1,73600,0.0074,PACKAGING,1010,FY26
PO-2025-450263,2025-05-15,2025-05-15,PKG-20102,Printed Multi-Layer Flexible Packaging Laminates,Printed Multi-Layer Flexible Packaging Laminates,Huhtamaki Flexible Packaging Ltd,1250,KG,257,INR,321250,1,321250,0.0321,PACKAGING,1020,FY26
PO-2025-450264,2025-06-15,2025-06-15,PKG-20103,Mono Carton Packaging Printed Paperboard,Mono Carton Packaging Printed Paperboard,Essel Propack Laminated Tubes,1800,PCS,13,INR,23400,1,23400,0.0023,PACKAGING,2000,FY26
PO-2025-450265,2025-07-15,2025-07-15,PKG-20104,Automatic Stretch Film Wrapping Rolls 23 Microns,Automatic Stretch Film Wrapping Rolls 23 Microns,Amcor Packaging India Ltd,30,ROLL,192,INR,5760,1,5760,0.0006,PACKAGING,3000,FY26
PO-2025-450266,2025-08-15,2025-08-15,PKG-20105,Polypropylene Heavy Duty Strapping Bands,Polypropylene Heavy Duty Strapping Bands,TCPL Packaging Containers,35,ROLL,1056,INR,36960,1,36960,0.0037,PACKAGING,1000,FY26
PO-2025-450267,2025-09-15,2025-09-15,PKG-20106,Laminated Barrier Tubes for Specialty Liquids,Laminated Barrier Tubes for Specialty Liquids,Parksons Packaging Solutions,2100,PCS,22,INR,46200,1,46200,0.0046,PACKAGING,1010,FY26
PO-2025-450268,2025-10-15,2025-10-15,PKG-20107,HDPE Plastic Drums 200 Litres Capacity,HDPE Plastic Drums 200 Litres Capacity,Universal Corrugators Pvt Ltd,5,DRUM,1674,INR,8370,1,8370,0.0008,PACKAGING,1020,FY26
PO-2025-450269,2025-11-15,2025-11-15,FRT-30101,Road FTL 32-Foot Multi-Axle Container Trucking,Road FTL 32-Foot Multi-Axle Container Trucking,Blue Dart Express Domestic Freight,5,TRIP,75588,INR,377940,1,377940,0.0378,FREIGHT,2000,FY26
PO-2025-450270,2025-12-15,2025-12-15,FRT-30102,40ft High Cube Ocean Freight Container Shipping,40ft High Cube Ocean Freight Container Shipping,TCI Freight Transport Logistics,6,CONT,2953,INR,17718,1,17718,0.0018,FREIGHT,3000,FY26
PO-2026-450271,2026-01-15,2026-01-15,FRT-30103,Cold Chain Refrigerated Express Transport,Cold Chain Refrigerated Express Transport,DHL Global Freight Solutions,1,TRIP,104706,EUR,104706,92.4,9674834,0.9675,FREIGHT,1000,FY26
PO-2026-450272,2026-02-15,2026-02-15,FRT-30104,Warehouse 3PL Material Staging & Storage Services,Warehouse 3PL Material Staging & Storage Services,Maersk Line Logistics India,65,MONTH,338235,USD,21985275,85.5,1879741013,187.9741,FREIGHT,1010,FY26
PO-2026-450273,2026-03-15,2026-03-15,FRT-30105,Air Cargo Express Customs Cleared Freight,Air Cargo Express Customs Cleared Freight,3M Safety & Industrial PPE Ltd,1750,KG,320,USD,560000,85.5,47880000,4.788,FREIGHT,1020,FY26
PO-2023-450274,2023-01-15,2023-01-15,MRO-40101,Deep Groove Ball Bearings SKF Explorer Series,Deep Groove Ball Bearings SKF Explorer Series,Schneider Electric Power Systems,11,SET,2076,INR,22836,1,22836,0.0023,MRO,2000,FY24
PO-2023-450275,2023-02-15,2023-02-15,MRO-40102,Variable Frequency Drives (VFD) 45kW Inverter,Variable Frequency Drives (VFD) 45kW Inverter,Atlas Copco Compressor India,80,UNIT,93824,INR,7505920,1,7505920,0.7506,MRO,3000,FY24
PO-2023-450276,2023-03-15,2023-03-15,MRO-40103,Centrifugal Slurry Pump Impeller Mechanical Seals,Centrifugal Slurry Pump Impeller Mechanical Seals,Castrol Industrial Lubricants Ltd,13,SET,14824,INR,192712,1,192712,0.0193,MRO,1000,FY24
PO-2023-450277,2023-04-15,2023-04-15,MRO-40104,Industrial Synthetic Gear Oil ISO VG 220 Drum,Industrial Synthetic Gear Oil ISO VG 220 Drum,ABB Power Grids India Pvt Ltd,2,DRUM,51353,INR,102706,1,102706,0.0103,MRO,1010,FY24
PO-2023-450278,2023-05-15,2023-05-15,MRO-40105,Pneumatic Actuator Solenoid Directional Valves,Pneumatic Actuator Solenoid Directional Valves,Festo Pneumatics India Pvt Ltd,3200,PCS,6559,INR,20988800,1,20988800,2.0989,MRO,1020,FY24
PO-2023-450279,2023-06-15,2023-06-15,PPE-50101,3M Industrial N95 Filtering Facepiece Respirators,3M Industrial N95 Filtering Facepiece Respirators,3M Safety & Industrial PPE Ltd,3300,BOX,63,USD,207900,85.5,17775450,1.7775,CONSUMABLES,2000,FY24
PO-2023-450280,2023-07-15,2023-07-15,PPE-50102,Heavy Duty Nitrile Chemical Protection Gloves,Heavy Duty Nitrile Chemical Protection Gloves,3M Safety & Industrial PPE Ltd,105,PAIR,178,USD,18690,85.5,1597995,0.1598,CONSUMABLES,3000,FY24
PO-2023-450281,2023-08-15,2023-08-15,MAT-10101,High Density Polyethylene (HDPE) Polymers,High Density Polyethylene (HDPE) Polymers,Contoso Polymer Logistics Ltd,15,MT,1365,EUR,20475,92.4,1891890,0.1892,POLYMERS,1000,FY24
PO-2023-450282,2023-09-15,2023-09-15,MAT-10102,Polypropylene (PP) Injection Moulding Resin,Polypropylene (PP) Injection Moulding Resin,Basell Polyolefins Europe NV,17,MT,1285,EUR,21845,92.4,2018478,0.2018,POLYMERS,1010,FY24
PO-2023-450283,2023-10-15,2023-10-15,MAT-10103,Linear Low-Density Polyethylene (LLDPE) Film Grade,Linear Low-Density Polyethylene (LLDPE) Film Grade,3M Safety & Industrial PPE Ltd,19,MT,1356,USD,25764,85.5,2202822,0.2203,POLYMERS,1020,FY24
PO-2023-450284,2023-11-15,2023-11-15,MAT-10201,Hydrochloric Acid 33% Industrial Grade,Hydrochloric Acid 33% Industrial Grade,Dow Chemical Americas Inc,25,KL,159,USD,3975,85.5,339863,0.034,CHEMICAL,2000,FY24
PO-2023-450285,2023-12-15,2023-12-15,MAT-10202,Caustic Soda Lye 48% Bulk Solution,Caustic Soda Lye 48% Bulk Solution,Pidilite Industrial Adhesives Ltd,23,MT,358,INR,8234,1,8234,0.0008,CHEMICAL,3000,FY24
PO-2024-450286,2024-01-15,2024-01-15,MAT-10203,Titanium Dioxide Rutile White Pigment,Titanium Dioxide Rutile White Pigment,BASF Speciality Chemicals SE,400,KG,2659,EUR,1063600,92.4,98276640,9.8277,CHEMICAL,1000,FY25
PO-2024-450287,2024-02-15,2024-02-15,MAT-10204,Sulfuric Acid 98% Commercial Grade,Sulfuric Acid 98% Commercial Grade,UPL Agro & Bulk Chemical Corp,27,MT,130,INR,3510,1,3510,0.0004,CHEMICAL,1010,FY25
PO-2024-450288,2024-03-15,2024-03-15,MAT-10104,Polyvinyl Chloride (PVC) Suspension Resin,Polyvinyl Chloride (PVC) Suspension Resin,SABIC Petrochemical Middle East,29,MT,1259,USD,36511,85.5,3121691,0.3122,POLYMERS,1020,FY25
PO-2024-450289,2024-04-15,2024-04-15,MAT-10205,Industrial Synthetic Adhesives & Sealants,Industrial Synthetic Adhesives & Sealants,Borealis Chemical Supply GmbH,550,KG,510,EUR,280500,92.4,25918200,2.5918,CHEMICAL,2000,FY25
PO-2024-450290,2024-05-15,2024-05-15,PKG-20101,5-Ply Corrugated Heavy Duty Shipping Boxes,5-Ply Corrugated Heavy Duty Shipping Boxes,TCPL Packaging Containers,4400,BOX,35,INR,154000,1,154000,0.0154,PACKAGING,3000,FY25
PO-2024-450291,2024-06-15,2024-06-15,PKG-20102,Printed Multi-Layer Flexible Packaging Laminates,Printed Multi-Layer Flexible Packaging Laminates,Parksons Packaging Solutions,650,KG,225,INR,146250,1,146250,0.0146,PACKAGING,1000,FY25
PO-2024-450292,2024-07-15,2024-07-15,PKG-20103,Mono Carton Packaging Printed Paperboard,Mono Carton Packaging Printed Paperboard,Universal Corrugators Pvt Ltd,4600,PCS,9,INR,41400,1,41400,0.0041,PACKAGING,1010,FY25
PO-2024-450293,2024-08-15,2024-08-15,PKG-20104,Automatic Stretch Film Wrapping Rolls 23 Microns,Automatic Stretch Film Wrapping Rolls 23 Microns,3M Safety & Industrial PPE Ltd,70,ROLL,171,USD,11970,85.5,1023435,0.1023,PACKAGING,1020,FY25
PO-2024-450294,2024-09-15,2024-09-15,PKG-20105,Polypropylene Heavy Duty Strapping Bands,Polypropylene Heavy Duty Strapping Bands,Signode Industrial Packaging Ltd,75,ROLL,932,INR,69900,1,69900,0.007,PACKAGING,2000,FY25
PO-2024-450295,2024-10-15,2024-10-15,PKG-20106,Laminated Barrier Tubes for Specialty Liquids,Laminated Barrier Tubes for Specialty Liquids,Huhtamaki Flexible Packaging Ltd,4900,PCS,17,INR,83300,1,83300,0.0083,PACKAGING,3000,FY25
PO-2024-450296,2024-11-15,2024-11-15,PKG-20107,HDPE Plastic Drums 200 Litres Capacity,HDPE Plastic Drums 200 Litres Capacity,Essel Propack Laminated Tubes,9,DRUM,1462,INR,13158,1,13158,0.0013,PACKAGING,1000,FY25
PO-2024-450297,2024-12-15,2024-12-15,FRT-30101,Road FTL 32-Foot Multi-Axle Container Trucking,Road FTL 32-Foot Multi-Axle Container Trucking,3M Safety & Industrial PPE Ltd,3,TRIP,61471,USD,184413,85.5,15767312,1.5767,FREIGHT,1010,FY25
PO-2025-450298,2025-01-15,2025-01-15,FRT-30102,40ft High Cube Ocean Freight Container Shipping,40ft High Cube Ocean Freight Container Shipping,Kuehne + Nagel Supply Chain Ltd,4,CONT,2459,USD,9836,85.5,840978,0.0841,FREIGHT,1020,FY26
PO-2025-450299,2025-02-15,2025-02-15,FRT-30103,Cold Chain Refrigerated Express Transport,Cold Chain Refrigerated Express Transport,Blue Dart Express Domestic Freight,5,TRIP,88824,INR,444120,1,444120,0.0444,FREIGHT,2000,FY26
PO-2025-450300,2025-03-15,2025-03-15,FRT-30104,Warehouse 3PL Material Staging & Storage Services,Warehouse 3PL Material Staging & Storage Services,TCI Freight Transport Logistics,105,MONTH,267647,INR,28102935,1,28102935,2.8103,FREIGHT,3000,FY26
PO-2025-450301,2025-04-15,2025-04-15,FRT-30105,Air Cargo Express Customs Cleared Freight,Air Cargo Express Customs Cleared Freight,DHL Global Freight Solutions,1150,KG,488,EUR,561200,92.4,51854880,5.1855,FREIGHT,1000,FY26
PO-2025-450302,2025-05-15,2025-05-15,MRO-40101,Deep Groove Ball Bearings SKF Explorer Series,Deep Groove Ball Bearings SKF Explorer Series,Atlas Copco Compressor India,3,SET,5118,INR,15354,1,15354,0.0015,MRO,1010,FY26
PO-2025-450303,2025-06-15,2025-06-15,MRO-40102,Variable Frequency Drives (VFD) 45kW Inverter,Variable Frequency Drives (VFD) 45kW Inverter,Castrol Industrial Lubricants Ltd,20,UNIT,142353,INR,2847060,1,2847060,0.2847,MRO,1020,FY26
PO-2025-450304,2025-07-15,2025-07-15,MRO-40103,Centrifugal Slurry Pump Impeller Mechanical Seals,Centrifugal Slurry Pump Impeller Mechanical Seals,ABB Power Grids India Pvt Ltd,5,SET,25176,INR,125880,1,125880,0.0126,MRO,2000,FY26
PO-2025-450305,2025-08-15,2025-08-15,MRO-40104,Industrial Synthetic Gear Oil ISO VG 220 Drum,Industrial Synthetic Gear Oil ISO VG 220 Drum,Festo Pneumatics India Pvt Ltd,6,DRUM,68824,INR,412944,1,412944,0.0413,MRO,3000,FY26
PO-2025-450306,2025-09-15,2025-09-15,MRO-40105,Pneumatic Actuator Solenoid Directional Valves,Pneumatic Actuator Solenoid Directional Valves,Honeywell Industrial Automation,1000,PCS,11088,USD,11088000,85.5,948024000,94.8024,MRO,1000,FY26
PO-2025-450307,2025-10-15,2025-10-15,PPE-50101,3M Industrial N95 Filtering Facepiece Respirators,3M Industrial N95 Filtering Facepiece Respirators,3M Safety & Industrial PPE Ltd,1100,BOX,45,USD,49500,85.5,4232250,0.4232,CONSUMABLES,1010,FY26
PO-2025-450308,2025-11-15,2025-11-15,PPE-50102,Heavy Duty Nitrile Chemical Protection Gloves,Heavy Duty Nitrile Chemical Protection Gloves,3M Safety & Industrial PPE Ltd,45,PAIR,128,USD,5760,85.5,492480,0.0492,CONSUMABLES,1020,FY26
PO-2025-450309,2025-12-15,2025-12-15,MAT-10101,High Density Polyethylene (HDPE) Polymers,High Density Polyethylene (HDPE) Polymers,Contoso Polymer Logistics Ltd,21,MT,1241,EUR,26061,92.4,2408036,0.2408,POLYMERS,2000,FY26
PO-2026-450310,2026-01-15,2026-01-15,MAT-10102,Polypropylene (PP) Injection Moulding Resin,Polypropylene (PP) Injection Moulding Resin,Basell Polyolefins Europe NV,23,MT,1162,EUR,26726,92.4,2469482,0.2469,POLYMERS,3000,FY26
PO-2026-450311,2026-02-15,2026-02-15,MAT-10103,Linear Low-Density Polyethylene (LLDPE) Film Grade,Linear Low-Density Polyethylene (LLDPE) Film Grade,3M Safety & Industrial PPE Ltd,25,MT,1232,USD,30800,85.5,2633400,0.2633,POLYMERS,1000,FY26
PO-2026-450312,2026-03-15,2026-03-15,MAT-10201,Hydrochloric Acid 33% Industrial Grade,Hydrochloric Acid 33% Industrial Grade,Dow Chemical Americas Inc,65,KL,138,USD,8970,85.5,766935,0.0767,CHEMICAL,1010,FY26
PO-2023-450313,2023-01-15,2023-01-15,MAT-10202,Caustic Soda Lye 48% Bulk Solution,Caustic Soda Lye 48% Bulk Solution,Pidilite Industrial Adhesives Ltd,29,MT,319,INR,9251,1,9251,0.0009,CHEMICAL,1020,FY24
PO-2023-450314,2023-02-15,2023-02-15,MAT-10203,Titanium Dioxide Rutile White Pigment,Titanium Dioxide Rutile White Pigment,BASF Speciality Chemicals SE,1800,KG,2447,EUR,4404600,92.4,406985040,40.6985,CHEMICAL,2000,FY24
PO-2023-450315,2023-03-15,2023-03-15,MAT-10204,Sulfuric Acid 98% Commercial Grade,Sulfuric Acid 98% Commercial Grade,UPL Agro & Bulk Chemical Corp,33,MT,111,INR,3663,1,3663,0.0004,CHEMICAL,3000,FY24
PO-2023-450316,2023-04-15,2023-04-15,MAT-10104,Polyvinyl Chloride (PVC) Suspension Resin,Polyvinyl Chloride (PVC) Suspension Resin,SABIC Petrochemical Middle East,35,MT,1135,USD,39725,85.5,3396488,0.3396,POLYMERS,1000,FY24
PO-2023-450317,2023-05-15,2023-05-15,MAT-10205,Industrial Synthetic Adhesives & Sealants,Industrial Synthetic Adhesives & Sealants,Borealis Chemical Supply GmbH,1950,KG,450,EUR,877500,92.4,81081000,8.1081,CHEMICAL,1010,FY24
PO-2023-450318,2023-06-15,2023-06-15,PKG-20101,5-Ply Corrugated Heavy Duty Shipping Boxes,5-Ply Corrugated Heavy Duty Shipping Boxes,Signode Industrial Packaging Ltd,2200,BOX,54,INR,118800,1,118800,0.0119,PACKAGING,1020,FY24
PO-2023-450319,2023-07-15,2023-07-15,PKG-20102,Printed Multi-Layer Flexible Packaging Laminates,Printed Multi-Layer Flexible Packaging Laminates,Huhtamaki Flexible Packaging Ltd,2050,KG,284,INR,582200,1,582200,0.0582,PACKAGING,2000,FY24
PO-2023-450320,2023-08-15,2023-08-15,PKG-20103,Mono Carton Packaging Printed Paperboard,Mono Carton Packaging Printed Paperboard,Essel Propack Laminated Tubes,2400,PCS,16,INR,38400,1,38400,0.0038,PACKAGING,3000,FY24
PO-2023-450321,2023-09-15,2023-09-15,PKG-20104,Automatic Stretch Film Wrapping Rolls 23 Microns,Automatic Stretch Film Wrapping Rolls 23 Microns,Amcor Packaging India Ltd,10,ROLL,209,INR,2090,1,2090,0.0002,PACKAGING,1000,FY24
PO-2023-450322,2023-10-15,2023-10-15,PKG-20105,Polypropylene Heavy Duty Strapping Bands,Polypropylene Heavy Duty Strapping Bands,TCPL Packaging Containers,15,ROLL,1159,INR,17385,1,17385,0.0017,PACKAGING,1010,FY24
PO-2023-450323,2023-11-15,2023-11-15,PKG-20106,Laminated Barrier Tubes for Specialty Liquids,Laminated Barrier Tubes for Specialty Liquids,Parksons Packaging Solutions,2700,PCS,27,INR,72900,1,72900,0.0073,PACKAGING,1020,FY24
PO-2023-450324,2023-12-15,2023-12-15,PKG-20107,HDPE Plastic Drums 200 Litres Capacity,HDPE Plastic Drums 200 Litres Capacity,Universal Corrugators Pvt Ltd,13,DRUM,1250,INR,16250,1,16250,0.0016,PACKAGING,2000,FY24
PO-2024-450325,2024-01-15,2024-01-15,FRT-30101,Road FTL 32-Foot Multi-Axle Container Trucking,Road FTL 32-Foot Multi-Axle Container Trucking,DHL Global Freight Solutions,1,TRIP,47353,EUR,47353,92.4,4375417,0.4375,FREIGHT,3000,FY25
PO-2024-450326,2024-02-15,2024-02-15,FRT-30102,40ft High Cube Ocean Freight Container Shipping,40ft High Cube Ocean Freight Container Shipping,Maersk Line Logistics India,2,CONT,1965,USD,3930,85.5,336015,0.0336,FREIGHT,1000,FY25
PO-2024-450327,2024-03-15,2024-03-15,FRT-30103,Cold Chain Refrigerated Express Transport,Cold Chain Refrigerated Express Transport,3M Safety & Industrial PPE Ltd,3,TRIP,72941,USD,218823,85.5,18709367,1.8709,FREIGHT,1010,FY25
PO-2024-450328,2024-04-15,2024-04-15,FRT-30104,Warehouse 3PL Material Staging & Storage Services,Warehouse 3PL Material Staging & Storage Services,Kuehne + Nagel Supply Chain Ltd,45,MONTH,197059,USD,8867655,85.5,758184503,75.8185,FREIGHT,1020,FY25
PO-2024-450329,2024-05-15,2024-05-15,FRT-30105,Air Cargo Express Customs Cleared Freight,Air Cargo Express Customs Cleared Freight,Blue Dart Express Domestic Freight,550,KG,396,INR,217800,1,217800,0.0218,FREIGHT,2000,FY25
PO-2024-450330,2024-06-15,2024-06-15,MRO-40101,Deep Groove Ball Bearings SKF Explorer Series,Deep Groove Ball Bearings SKF Explorer Series,Castrol Industrial Lubricants Ltd,7,SET,3459,INR,24213,1,24213,0.0024,MRO,3000,FY25
PO-2024-450331,2024-07-15,2024-07-15,MRO-40102,Variable Frequency Drives (VFD) 45kW Inverter,Variable Frequency Drives (VFD) 45kW Inverter,ABB Power Grids India Pvt Ltd,60,UNIT,115882,INR,6952920,1,6952920,0.6953,MRO,1000,FY25
PO-2024-450332,2024-08-15,2024-08-15,MRO-40103,Centrifugal Slurry Pump Impeller Mechanical Seals,Centrifugal Slurry Pump Impeller Mechanical Seals,Festo Pneumatics India Pvt Ltd,9,SET,19529,INR,175761,1,175761,0.0176,MRO,1010,FY25
PO-2024-450333,2024-09-15,2024-09-15,MRO-40104,Industrial Synthetic Gear Oil ISO VG 220 Drum,Industrial Synthetic Gear Oil ISO VG 220 Drum,Honeywell Industrial Automation,10,DRUM,59294,USD,592940,85.5,50696370,5.0696,MRO,1020,FY25
PO-2024-450334,2024-10-15,2024-10-15,MRO-40105,Pneumatic Actuator Solenoid Directional Valves,Pneumatic Actuator Solenoid Directional Valves,SKF Bearing Technologies India,3800,PCS,8618,INR,32748400,1,32748400,3.2748,MRO,2000,FY25
PO-2024-450335,2024-11-15,2024-11-15,PPE-50101,3M Industrial N95 Filtering Facepiece Respirators,3M Industrial N95 Filtering Facepiece Respirators,3M Safety & Industrial PPE Ltd,3900,BOX,77,USD,300300,85.5,25675650,2.5676,CONSUMABLES,3000,FY25
PO-2024-450336,2024-12-15,2024-12-15,PPE-50102,Heavy Duty Nitrile Chemical Protection Gloves,Heavy Duty Nitrile Chemical Protection Gloves,3M Safety & Industrial PPE Ltd,85,PAIR,219,USD,18615,85.5,1591583,0.1592,CONSUMABLES,1000,FY25
PO-2025-450337,2025-01-15,2025-01-15,MAT-10101,High Density Polyethylene (HDPE) Polymers,High Density Polyethylene (HDPE) Polymers,Contoso Polymer Logistics Ltd,27,MT,1468,EUR,39636,92.4,3662366,0.3662,POLYMERS,1010,FY26
PO-2025-450338,2025-02-15,2025-02-15,MAT-10102,Polypropylene (PP) Injection Moulding Resin,Polypropylene (PP) Injection Moulding Resin,Basell Polyolefins Europe NV,29,MT,1388,EUR,40252,92.4,3719285,0.3719,POLYMERS,1020,FY26
PO-2025-450339,2025-03-15,2025-03-15,MAT-10103,Linear Low-Density Polyethylene (LLDPE) Film Grade,Linear Low-Density Polyethylene (LLDPE) Film Grade,3M Safety & Industrial PPE Ltd,31,MT,1459,USD,45229,85.5,3867080,0.3867,POLYMERS,2000,FY26
PO-2025-450340,2025-04-15,2025-04-15,MAT-10201,Hydrochloric Acid 33% Industrial Grade,Hydrochloric Acid 33% Industrial Grade,Dow Chemical Americas Inc,105,KL,176,USD,18480,85.5,1580040,0.158,CHEMICAL,3000,FY26
PO-2025-450341,2025-05-15,2025-05-15,MAT-10202,Caustic Soda Lye 48% Bulk Solution,Caustic Soda Lye 48% Bulk Solution,Pidilite Industrial Adhesives Ltd,35,MT,280,INR,9800,1,9800,0.001,CHEMICAL,1000,FY26
PO-2025-450342,2025-06-15,2025-06-15,MAT-10203,Titanium Dioxide Rutile White Pigment,Titanium Dioxide Rutile White Pigment,BASF Speciality Chemicals SE,1200,KG,2235,EUR,2682000,92.4,247816800,24.7817,CHEMICAL,1010,FY26
PO-2025-450343,2025-07-15,2025-07-15,MAT-10204,Sulfuric Acid 98% Commercial Grade,Sulfuric Acid 98% Commercial Grade,UPL Agro & Bulk Chemical Corp,39,MT,91,INR,3549,1,3549,0.0004,CHEMICAL,1020,FY26
PO-2025-450344,2025-08-15,2025-08-15,MAT-10104,Polyvinyl Chloride (PVC) Suspension Resin,Polyvinyl Chloride (PVC) Suspension Resin,SABIC Petrochemical Middle East,41,MT,1012,USD,41492,85.5,3547566,0.3548,POLYMERS,2000,FY26
PO-2025-450345,2025-09-15,2025-09-15,MAT-10205,Industrial Synthetic Adhesives & Sealants,Industrial Synthetic Adhesives & Sealants,Borealis Chemical Supply GmbH,1350,KG,390,EUR,526500,92.4,48648600,4.8649,CHEMICAL,3000,FY26
PO-2025-450346,2025-10-15,2025-10-15,PKG-20101,5-Ply Corrugated Heavy Duty Shipping Boxes,5-Ply Corrugated Heavy Duty Shipping Boxes,TCPL Packaging Containers,5000,BOX,44,INR,220000,1,220000,0.022,PACKAGING,1000,FY26
PO-2025-450347,2025-11-15,2025-11-15,PKG-20102,Printed Multi-Layer Flexible Packaging Laminates,Printed Multi-Layer Flexible Packaging Laminates,Parksons Packaging Solutions,1450,KG,252,INR,365400,1,365400,0.0365,PACKAGING,1010,FY26
PO-2025-450348,2025-12-15,2025-12-15,PKG-20103,Mono Carton Packaging Printed Paperboard,Mono Carton Packaging Printed Paperboard,Universal Corrugators Pvt Ltd,5200,PCS,12,INR,62400,1,62400,0.0062,PACKAGING,1020,FY26
PO-2026-450349,2026-01-15,2026-01-15,PKG-20104,Automatic Stretch Film Wrapping Rolls 23 Microns,Automatic Stretch Film Wrapping Rolls 23 Microns,3M Safety & Industrial PPE Ltd,50,ROLL,188,USD,9400,85.5,803700,0.0804,PACKAGING,2000,FY26
PO-2026-450350,2026-02-15,2026-02-15,PKG-20105,Polypropylene Heavy Duty Strapping Bands,Polypropylene Heavy Duty Strapping Bands,Signode Industrial Packaging Ltd,55,ROLL,1035,INR,56925,1,56925,0.0057,PACKAGING,3000,FY26
PO-2026-450351,2026-03-15,2026-03-15,PKG-20106,Laminated Barrier Tubes for Specialty Liquids,Laminated Barrier Tubes for Specialty Liquids,Huhtamaki Flexible Packaging Ltd,500,PCS,21,INR,10500,1,10500,0.001,PACKAGING,1000,FY26
PO-2023-450352,2023-01-15,2023-01-15,PKG-20107,HDPE Plastic Drums 200 Litres Capacity,HDPE Plastic Drums 200 Litres Capacity,Essel Propack Laminated Tubes,5,DRUM,1638,INR,8190,1,8190,0.0008,PACKAGING,1010,FY24
PO-2023-450353,2023-02-15,2023-02-15,FRT-30101,Road FTL 32-Foot Multi-Axle Container Trucking,Road FTL 32-Foot Multi-Axle Container Trucking,Blue Dart Express Domestic Freight,5,TRIP,73235,INR,366175,1,366175,0.0366,FREIGHT,1020,FY24
PO-2023-450354,2023-03-15,2023-03-15,FRT-30102,40ft High Cube Ocean Freight Container Shipping,40ft High Cube Ocean Freight Container Shipping,TCI Freight Transport Logistics,6,CONT,2871,INR,17226,1,17226,0.0017,FREIGHT,2000,FY24
PO-2023-450355,2023-04-15,2023-04-15,FRT-30103,Cold Chain Refrigerated Express Transport,Cold Chain Refrigerated Express Transport,DHL Global Freight Solutions,1,TRIP,102059,EUR,102059,92.4,9430252,0.943,FREIGHT,3000,FY24
PO-2023-450356,2023-05-15,2023-05-15,FRT-30104,Warehouse 3PL Material Staging & Storage Services,Warehouse 3PL Material Staging & Storage Services,Maersk Line Logistics India,85,MONTH,326471,USD,27750035,85.5,2372627993,237.2628,FREIGHT,1000,FY24
PO-2023-450357,2023-06-15,2023-06-15,FRT-30105,Air Cargo Express Customs Cleared Freight,Air Cargo Express Customs Cleared Freight,3M Safety & Industrial PPE Ltd,1950,KG,565,USD,1101750,85.5,94199625,9.42,FREIGHT,1010,FY24
PO-2023-450358,2023-07-15,2023-07-15,MRO-40101,Deep Groove Ball Bearings SKF Explorer Series,Deep Groove Ball Bearings SKF Explorer Series,ABB Power Grids India Pvt Ltd,11,SET,1800,INR,19800,1,19800,0.002,MRO,1020,FY24
PO-2023-450359,2023-08-15,2023-08-15,MRO-40102,Variable Frequency Drives (VFD) 45kW Inverter,Variable Frequency Drives (VFD) 45kW Inverter,Festo Pneumatics India Pvt Ltd,100,UNIT,89412,INR,8941200,1,8941200,0.8941,MRO,2000,FY24
PO-2023-450360,2023-09-15,2023-09-15,MRO-40103,Centrifugal Slurry Pump Impeller Mechanical Seals,Centrifugal Slurry Pump Impeller Mechanical Seals,Honeywell Industrial Automation,13,SET,13882,USD,180466,85.5,15429843,1.543,MRO,3000,FY24
PO-2023-450361,2023-10-15,2023-10-15,MRO-40104,Industrial Synthetic Gear Oil ISO VG 220 Drum,Industrial Synthetic Gear Oil ISO VG 220 Drum,SKF Bearing Technologies India,2,DRUM,49765,INR,99530,1,99530,0.01,MRO,1000,FY24
PO-2023-450362,2023-11-15,2023-11-15,MRO-40105,Pneumatic Actuator Solenoid Directional Valves,Pneumatic Actuator Solenoid Directional Valves,Siemens Industrial Automation Ltd,1600,PCS,6147,EUR,9835200,92.4,908772480,90.8772,MRO,1010,FY24
PO-2023-450363,2023-12-15,2023-12-15,PPE-50101,3M Industrial N95 Filtering Facepiece Respirators,3M Industrial N95 Filtering Facepiece Respirators,3M Safety & Industrial PPE Ltd,1700,BOX,60,USD,102000,85.5,8721000,0.8721,CONSUMABLES,1020,FY24
PO-2024-450364,2024-01-15,2024-01-15,PPE-50102,Heavy Duty Nitrile Chemical Protection Gloves,Heavy Duty Nitrile Chemical Protection Gloves,3M Safety & Industrial PPE Ltd,25,PAIR,169,USD,4225,85.5,361238,0.0361,CONSUMABLES,2000,FY25
PO-2024-450365,2024-02-15,2024-02-15,MAT-10101,High Density Polyethylene (HDPE) Polymers,High Density Polyethylene (HDPE) Polymers,Contoso Polymer Logistics Ltd,33,MT,1344,EUR,44352,92.4,4098125,0.4098,POLYMERS,3000,FY25
PO-2024-450366,2024-03-15,2024-03-15,MAT-10102,Polypropylene (PP) Injection Moulding Resin,Polypropylene (PP) Injection Moulding Resin,Basell Polyolefins Europe NV,35,MT,1265,EUR,44275,92.4,4091010,0.4091,POLYMERS,1000,FY25
PO-2024-450367,2024-04-15,2024-04-15,MAT-10103,Linear Low-Density Polyethylene (LLDPE) Film Grade,Linear Low-Density Polyethylene (LLDPE) Film Grade,3M Safety & Industrial PPE Ltd,37,MT,1335,USD,49395,85.5,4223273,0.4223,POLYMERS,1010,FY25
PO-2024-450368,2024-05-15,2024-05-15,MAT-10201,Hydrochloric Acid 33% Industrial Grade,Hydrochloric Acid 33% Industrial Grade,Dow Chemical Americas Inc,45,KL,155,USD,6975,85.5,596363,0.0596,CHEMICAL,1020,FY25
PO-2024-450369,2024-06-15,2024-06-15,MAT-10202,Caustic Soda Lye 48% Bulk Solution,Caustic Soda Lye 48% Bulk Solution,Pidilite Industrial Adhesives Ltd,41,MT,351,INR,14391,1,14391,0.0014,CHEMICAL,2000,FY25
PO-2024-450370,2024-07-15,2024-07-15,MAT-10203,Titanium Dioxide Rutile White Pigment,Titanium Dioxide Rutile White Pigment,BASF Speciality Chemicals SE,600,KG,2624,EUR,1574400,92.4,145474560,14.5475,CHEMICAL,3000,FY25
PO-2024-450371,2024-08-15,2024-08-15,MAT-10204,Sulfuric Acid 98% Commercial Grade,Sulfuric Acid 98% Commercial Grade,UPL Agro & Bulk Chemical Corp,45,MT,127,INR,5715,1,5715,0.0006,CHEMICAL,1000,FY25
PO-2024-450372,2024-09-15,2024-09-15,MAT-10104,Polyvinyl Chloride (PVC) Suspension Resin,Polyvinyl Chloride (PVC) Suspension Resin,SABIC Petrochemical Middle East,47,MT,1238,USD,58186,85.5,4974903,0.4975,POLYMERS,1010,FY25
PO-2024-450373,2024-10-15,2024-10-15,MAT-10205,Industrial Synthetic Adhesives & Sealants,Industrial Synthetic Adhesives & Sealants,Borealis Chemical Supply GmbH,750,KG,500,EUR,375000,92.4,34650000,3.465,CHEMICAL,1020,FY25
PO-2024-450374,2024-11-15,2024-11-15,PKG-20101,5-Ply Corrugated Heavy Duty Shipping Boxes,5-Ply Corrugated Heavy Duty Shipping Boxes,Signode Industrial Packaging Ltd,2800,BOX,63,INR,176400,1,176400,0.0176,PACKAGING,2000,FY25
PO-2024-450375,2024-12-15,2024-12-15,PKG-20102,Printed Multi-Layer Flexible Packaging Laminates,Printed Multi-Layer Flexible Packaging Laminates,Huhtamaki Flexible Packaging Ltd,850,KG,220,INR,187000,1,187000,0.0187,PACKAGING,3000,FY25
PO-2025-450376,2025-01-15,2025-01-15,PKG-20103,Mono Carton Packaging Printed Paperboard,Mono Carton Packaging Printed Paperboard,Essel Propack Laminated Tubes,3000,PCS,9,INR,27000,1,27000,0.0027,PACKAGING,1000,FY26
PO-2025-450377,2025-02-15,2025-02-15,PKG-20104,Automatic Stretch Film Wrapping Rolls 23 Microns,Automatic Stretch Film Wrapping Rolls 23 Microns,Amcor Packaging India Ltd,90,ROLL,167,INR,15030,1,15030,0.0015,PACKAGING,1010,FY26
PO-2025-450378,2025-03-15,2025-03-15,PKG-20105,Polypropylene Heavy Duty Strapping Bands,Polypropylene Heavy Duty Strapping Bands,TCPL Packaging Containers,95,ROLL,912,INR,86640,1,86640,0.0087,PACKAGING,1020,FY26
PO-2025-450379,2025-04-15,2025-04-15,PKG-20106,Laminated Barrier Tubes for Specialty Liquids,Laminated Barrier Tubes for Specialty Liquids,Parksons Packaging Solutions,3300,PCS,16,INR,52800,1,52800,0.0053,PACKAGING,2000,FY26
PO-2025-450380,2025-05-15,2025-05-15,PKG-20107,HDPE Plastic Drums 200 Litres Capacity,HDPE Plastic Drums 200 Litres Capacity,Universal Corrugators Pvt Ltd,9,DRUM,1426,INR,12834,1,12834,0.0013,PACKAGING,3000,FY26
PO-2025-450381,2025-06-15,2025-06-15,FRT-30101,Road FTL 32-Foot Multi-Axle Container Trucking,Road FTL 32-Foot Multi-Axle Container Trucking,3M Safety & Industrial PPE Ltd,3,TRIP,59118,USD,177354,85.5,15163767,1.5164,FREIGHT,1000,FY26
PO-2025-450382,2025-07-15,2025-07-15,FRT-30102,40ft High Cube Ocean Freight Container Shipping,40ft High Cube Ocean Freight Container Shipping,Kuehne + Nagel Supply Chain Ltd,4,CONT,2376,USD,9504,85.5,812592,0.0813,FREIGHT,1010,FY26
PO-2025-450383,2025-08-15,2025-08-15,FRT-30103,Cold Chain Refrigerated Express Transport,Cold Chain Refrigerated Express Transport,Blue Dart Express Domestic Freight,5,TRIP,86176,INR,430880,1,430880,0.0431,FREIGHT,1020,FY26
PO-2025-450384,2025-09-15,2025-09-15,FRT-30104,Warehouse 3PL Material Staging & Storage Services,Warehouse 3PL Material Staging & Storage Services,TCI Freight Transport Logistics,25,MONTH,255882,INR,6397050,1,6397050,0.6397,FREIGHT,2000,FY26
PO-2025-450385,2025-10-15,2025-10-15,FRT-30105,Air Cargo Express Customs Cleared Freight,Air Cargo Express Customs Cleared Freight,DHL Global Freight Solutions,1350,KG,473,EUR,638550,92.4,59002020,5.9002,FREIGHT,3000,FY26
PO-2025-450386,2025-11-15,2025-11-15,MRO-40101,Deep Groove Ball Bearings SKF Explorer Series,Deep Groove Ball Bearings SKF Explorer Series,Festo Pneumatics India Pvt Ltd,3,SET,4841,INR,14523,1,14523,0.0015,MRO,1000,FY26
PO-2025-450387,2025-12-15,2025-12-15,MRO-40102,Variable Frequency Drives (VFD) 45kW Inverter,Variable Frequency Drives (VFD) 45kW Inverter,Honeywell Industrial Automation,40,UNIT,137941,USD,5517640,85.5,471758220,47.1758,MRO,1010,FY26
PO-2026-450388,2026-01-15,2026-01-15,MRO-40103,Centrifugal Slurry Pump Impeller Mechanical Seals,Centrifugal Slurry Pump Impeller Mechanical Seals,SKF Bearing Technologies India,5,SET,24235,INR,121175,1,121175,0.0121,MRO,1020,FY26
PO-2026-450389,2026-02-15,2026-02-15,MRO-40104,Industrial Synthetic Gear Oil ISO VG 220 Drum,Industrial Synthetic Gear Oil ISO VG 220 Drum,Siemens Industrial Automation Ltd,6,DRUM,67235,EUR,403410,92.4,37275084,3.7275,MRO,2000,FY26
PO-2026-450390,2026-03-15,2026-03-15,MRO-40105,Pneumatic Actuator Solenoid Directional Valves,Pneumatic Actuator Solenoid Directional Valves,3M Safety & Industrial PPE Ltd,4400,PCS,10676,USD,46974400,85.5,4016311200,401.6311,MRO,3000,FY26
PO-2023-450391,2023-01-15,2023-01-15,PPE-50101,3M Industrial N95 Filtering Facepiece Respirators,3M Industrial N95 Filtering Facepiece Respirators,3M Safety & Industrial PPE Ltd,4500,BOX,92,USD,414000,85.5,35397000,3.5397,CONSUMABLES,1000,FY24
PO-2023-450392,2023-02-15,2023-02-15,PPE-50102,Heavy Duty Nitrile Chemical Protection Gloves,Heavy Duty Nitrile Chemical Protection Gloves,3M Safety & Industrial PPE Ltd,65,PAIR,120,USD,7800,85.5,666900,0.0667,CONSUMABLES,1010,FY24
PO-2023-450393,2023-03-15,2023-03-15,MAT-10101,High Density Polyethylene (HDPE) Polymers,High Density Polyethylene (HDPE) Polymers,Contoso Polymer Logistics Ltd,39,MT,1221,EUR,47619,92.4,4399996,0.44,POLYMERS,1020,FY24
PO-2023-450394,2023-04-15,2023-04-15,MAT-10102,Polypropylene (PP) Injection Moulding Resin,Polypropylene (PP) Injection Moulding Resin,Basell Polyolefins Europe NV,41,MT,1141,EUR,46781,92.4,4322564,0.4323,POLYMERS,2000,FY24
PO-2023-450395,2023-05-15,2023-05-15,MAT-10103,Linear Low-Density Polyethylene (LLDPE) Film Grade,Linear Low-Density Polyethylene (LLDPE) Film Grade,3M Safety & Industrial PPE Ltd,43,MT,1212,USD,52116,85.5,4455918,0.4456,POLYMERS,3000,FY24
PO-2023-450396,2023-06-15,2023-06-15,MAT-10201,Hydrochloric Acid 33% Industrial Grade,Hydrochloric Acid 33% Industrial Grade,Dow Chemical Americas Inc,85,KL,134,USD,11390,85.5,973845,0.0974,CHEMICAL,1000,FY24
PO-2023-450397,2023-07-15,2023-07-15,MAT-10202,Caustic Soda Lye 48% Bulk Solution,Caustic Soda Lye 48% Bulk Solution,Pidilite Industrial Adhesives Ltd,47,MT,312,INR,14664,1,14664,0.0015,CHEMICAL,1010,FY24
PO-2023-450398,2023-08-15,2023-08-15,MAT-10203,Titanium Dioxide Rutile White Pigment,Titanium Dioxide Rutile White Pigment,BASF Speciality Chemicals SE,2000,KG,2412,EUR,4824000,92.4,445737600,44.5738,CHEMICAL,1020,FY24
PO-2023-450399,2023-09-15,2023-09-15,MAT-10204,Sulfuric Acid 98% Commercial Grade,Sulfuric Acid 98% Commercial Grade,UPL Agro & Bulk Chemical Corp,51,MT,108,INR,5508,1,5508,0.0006,CHEMICAL,2000,FY24
PO-2023-450400,2023-10-15,2023-10-15,MAT-10104,Polyvinyl Chloride (PVC) Suspension Resin,Polyvinyl Chloride (PVC) Suspension Resin,SABIC Petrochemical Middle East,53,MT,1115,USD,59095,85.5,5052623,0.5053,POLYMERS,3000,FY24
PO-2023-450401,2023-11-15,2023-11-15,MAT-10205,Industrial Synthetic Adhesives & Sealants,Industrial Synthetic Adhesives & Sealants,Borealis Chemical Supply GmbH,150,KG,440,EUR,66000,92.4,6098400,0.6098,CHEMICAL,1000,FY24
PO-2023-450402,2023-12-15,2023-12-15,PKG-20101,5-Ply Corrugated Heavy Duty Shipping Boxes,5-Ply Corrugated Heavy Duty Shipping Boxes,TCPL Packaging Containers,600,BOX,53,INR,31800,1,31800,0.0032,PACKAGING,1010,FY24
PO-2024-450403,2024-01-15,2024-01-15,PKG-20102,Printed Multi-Layer Flexible Packaging Laminates,Printed Multi-Layer Flexible Packaging Laminates,Parksons Packaging Solutions,250,KG,278,INR,69500,1,69500,0.0069,PACKAGING,1020,FY25
PO-2024-450404,2024-02-15,2024-02-15,PKG-20103,Mono Carton Packaging Printed Paperboard,Mono Carton Packaging Printed Paperboard,Universal Corrugators Pvt Ltd,800,PCS,15,INR,12000,1,12000,0.0012,PACKAGING,2000,FY25
PO-2024-450405,2024-03-15,2024-03-15,PKG-20104,Automatic Stretch Film Wrapping Rolls 23 Microns,Automatic Stretch Film Wrapping Rolls 23 Microns,3M Safety & Industrial PPE Ltd,30,ROLL,206,USD,6180,85.5,528390,0.0528,PACKAGING,3000,FY25
PO-2024-450406,2024-04-15,2024-04-15,PKG-20105,Polypropylene Heavy Duty Strapping Bands,Polypropylene Heavy Duty Strapping Bands,Signode Industrial Packaging Ltd,35,ROLL,1138,INR,39830,1,39830,0.004,PACKAGING,1000,FY25
PO-2024-450407,2024-05-15,2024-05-15,PKG-20106,Laminated Barrier Tubes for Specialty Liquids,Laminated Barrier Tubes for Specialty Liquids,Huhtamaki Flexible Packaging Ltd,1100,PCS,26,INR,28600,1,28600,0.0029,PACKAGING,1010,FY25
PO-2024-450408,2024-06-15,2024-06-15,PKG-20107,HDPE Plastic Drums 200 Litres Capacity,HDPE Plastic Drums 200 Litres Capacity,Essel Propack Laminated Tubes,13,DRUM,1815,INR,23595,1,23595,0.0024,PACKAGING,1020,FY25
PO-2024-450409,2024-07-15,2024-07-15,FRT-30101,Road FTL 32-Foot Multi-Axle Container Trucking,Road FTL 32-Foot Multi-Axle Container Trucking,DHL Global Freight Solutions,1,TRIP,45000,EUR,45000,92.4,4158000,0.4158,FREIGHT,2000,FY25
PO-2024-450410,2024-08-15,2024-08-15,FRT-30102,40ft High Cube Ocean Freight Container Shipping,40ft High Cube Ocean Freight Container Shipping,Maersk Line Logistics India,2,CONT,1882,USD,3764,85.5,321822,0.0322,FREIGHT,3000,FY25
PO-2024-450411,2024-09-15,2024-09-15,FRT-30103,Cold Chain Refrigerated Express Transport,Cold Chain Refrigerated Express Transport,3M Safety & Industrial PPE Ltd,3,TRIP,70294,USD,210882,85.5,18030411,1.803,FREIGHT,1000,FY25
PO-2024-450412,2024-10-15,2024-10-15,FRT-30104,Warehouse 3PL Material Staging & Storage Services,Warehouse 3PL Material Staging & Storage Services,Kuehne + Nagel Supply Chain Ltd,65,MONTH,185294,USD,12044110,85.5,1029771405,102.9771,FREIGHT,1010,FY25
PO-2024-450413,2024-11-15,2024-11-15,FRT-30105,Air Cargo Express Customs Cleared Freight,Air Cargo Express Customs Cleared Freight,Blue Dart Express Domestic Freight,750,KG,381,INR,285750,1,285750,0.0286,FREIGHT,1020,FY25
PO-2024-450414,2024-12-15,2024-12-15,MRO-40101,Deep Groove Ball Bearings SKF Explorer Series,Deep Groove Ball Bearings SKF Explorer Series,Honeywell Industrial Automation,7,SET,3182,USD,22274,85.5,1904427,0.1904,MRO,2000,FY25
PO-2025-450415,2025-01-15,2025-01-15,MRO-40102,Variable Frequency Drives (VFD) 45kW Inverter,Variable Frequency Drives (VFD) 45kW Inverter,SKF Bearing Technologies India,80,UNIT,111471,INR,8917680,1,8917680,0.8918,MRO,3000,FY26
PO-2025-450416,2025-02-15,2025-02-15,MRO-40103,Centrifugal Slurry Pump Impeller Mechanical Seals,Centrifugal Slurry Pump Impeller Mechanical Seals,Siemens Industrial Automation Ltd,9,SET,18588,EUR,167292,92.4,15457781,1.5458,MRO,1000,FY26
PO-2025-450417,2025-03-15,2025-03-15,MRO-40104,Industrial Synthetic Gear Oil ISO VG 220 Drum,Industrial Synthetic Gear Oil ISO VG 220 Drum,3M Safety & Industrial PPE Ltd,10,DRUM,57706,USD,577060,85.5,49338630,4.9339,MRO,1010,FY26
PO-2025-450418,2025-04-15,2025-04-15,MRO-40105,Pneumatic Actuator Solenoid Directional Valves,Pneumatic Actuator Solenoid Directional Valves,Schneider Electric Power Systems,2200,PCS,8206,INR,18053200,1,18053200,1.8053,MRO,1020,FY26
PO-2025-450419,2025-05-15,2025-05-15,PPE-50101,3M Industrial N95 Filtering Facepiece Respirators,3M Industrial N95 Filtering Facepiece Respirators,3M Safety & Industrial PPE Ltd,2300,BOX,74,USD,170200,85.5,14552100,1.4552,CONSUMABLES,2000,FY26
PO-2025-450420,2025-06-15,2025-06-15,PPE-50102,Heavy Duty Nitrile Chemical Protection Gloves,Heavy Duty Nitrile Chemical Protection Gloves,3M Safety & Industrial PPE Ltd,105,PAIR,211,USD,22155,85.5,1894253,0.1894,CONSUMABLES,3000,FY26
PO-2025-450421,2025-07-15,2025-07-15,MAT-10101,High Density Polyethylene (HDPE) Polymers,High Density Polyethylene (HDPE) Polymers,Contoso Polymer Logistics Ltd,45,MT,1447,EUR,65115,92.4,6016626,0.6017,POLYMERS,1000,FY26
PO-2025-450422,2025-08-15,2025-08-15,MAT-10102,Polypropylene (PP) Injection Moulding Resin,Polypropylene (PP) Injection Moulding Resin,Basell Polyolefins Europe NV,47,MT,1368,EUR,64296,92.4,5940950,0.5941,POLYMERS,1010,FY26
PO-2025-450423,2025-09-15,2025-09-15,MAT-10103,Linear Low-Density Polyethylene (LLDPE) Film Grade,Linear Low-Density Polyethylene (LLDPE) Film Grade,3M Safety & Industrial PPE Ltd,49,MT,1438,USD,70462,85.5,6024501,0.6025,POLYMERS,1020,FY26
PO-2025-450424,2025-10-15,2025-10-15,MAT-10201,Hydrochloric Acid 33% Industrial Grade,Hydrochloric Acid 33% Industrial Grade,Dow Chemical Americas Inc,25,KL,173,USD,4325,85.5,369788,0.037,CHEMICAL,2000,FY26
PO-2025-450425,2025-11-15,2025-11-15,MAT-10202,Caustic Soda Lye 48% Bulk Solution,Caustic Soda Lye 48% Bulk Solution,Pidilite Industrial Adhesives Ltd,53,MT,384,INR,20352,1,20352,0.002,CHEMICAL,3000,FY26
PO-2025-450426,2025-12-15,2025-12-15,MAT-10203,Titanium Dioxide Rutile White Pigment,Titanium Dioxide Rutile White Pigment,BASF Speciality Chemicals SE,1400,KG,2200,EUR,3080000,92.4,284592000,28.4592,CHEMICAL,1000,FY26
PO-2026-450427,2026-01-15,2026-01-15,MAT-10204,Sulfuric Acid 98% Commercial Grade,Sulfuric Acid 98% Commercial Grade,UPL Agro & Bulk Chemical Corp,7,MT,88,INR,616,1,616,0.0001,CHEMICAL,1010,FY26
PO-2026-450428,2026-02-15,2026-02-15,MAT-10104,Polyvinyl Chloride (PVC) Suspension Resin,Polyvinyl Chloride (PVC) Suspension Resin,SABIC Petrochemical Middle East,9,MT,991,USD,8919,85.5,762575,0.0763,POLYMERS,1020,FY26
PO-2026-450429,2026-03-15,2026-03-15,MAT-10205,Industrial Synthetic Adhesives & Sealants,Industrial Synthetic Adhesives & Sealants,Borealis Chemical Supply GmbH,1550,KG,380,EUR,589000,92.4,54423600,5.4424,CHEMICAL,2000,FY26
PO-2023-450430,2023-01-15,2023-01-15,PKG-20101,5-Ply Corrugated Heavy Duty Shipping Boxes,5-Ply Corrugated Heavy Duty Shipping Boxes,Signode Industrial Packaging Ltd,3400,BOX,42,INR,142800,1,142800,0.0143,PACKAGING,3000,FY24
PO-2023-450431,2023-02-15,2023-02-15,PKG-20102,Printed Multi-Layer Flexible Packaging Laminates,Printed Multi-Layer Flexible Packaging Laminates,Huhtamaki Flexible Packaging Ltd,1650,KG,246,INR,405900,1,405900,0.0406,PACKAGING,1000,FY24
PO-2023-450432,2023-03-15,2023-03-15,PKG-20103,Mono Carton Packaging Printed Paperboard,Mono Carton Packaging Printed Paperboard,Essel Propack Laminated Tubes,3600,PCS,12,INR,43200,1,43200,0.0043,PACKAGING,1010,FY24
PO-2023-450433,2023-04-15,2023-04-15,PKG-20104,Automatic Stretch Film Wrapping Rolls 23 Microns,Automatic Stretch Film Wrapping Rolls 23 Microns,Amcor Packaging India Ltd,70,ROLL,185,INR,12950,1,12950,0.0013,PACKAGING,1020,FY24
PO-2023-450434,2023-05-15,2023-05-15,PKG-20105,Polypropylene Heavy Duty Strapping Bands,Polypropylene Heavy Duty Strapping Bands,TCPL Packaging Containers,75,ROLL,1015,INR,76125,1,76125,0.0076,PACKAGING,2000,FY24
PO-2023-450435,2023-06-15,2023-06-15,PKG-20106,Laminated Barrier Tubes for Specialty Liquids,Laminated Barrier Tubes for Specialty Liquids,Parksons Packaging Solutions,3900,PCS,20,INR,78000,1,78000,0.0078,PACKAGING,3000,FY24
PO-2023-450436,2023-07-15,2023-07-15,PKG-20107,HDPE Plastic Drums 200 Litres Capacity,HDPE Plastic Drums 200 Litres Capacity,Universal Corrugators Pvt Ltd,5,DRUM,1603,INR,8015,1,8015,0.0008,PACKAGING,1000,FY24
PO-2023-450437,2023-08-15,2023-08-15,FRT-30101,Road FTL 32-Foot Multi-Axle Container Trucking,Road FTL 32-Foot Multi-Axle Container Trucking,Blue Dart Express Domestic Freight,5,TRIP,70882,INR,354410,1,354410,0.0354,FREIGHT,1010,FY24
PO-2023-450438,2023-09-15,2023-09-15,FRT-30102,40ft High Cube Ocean Freight Container Shipping,40ft High Cube Ocean Freight Container Shipping,TCI Freight Transport Logistics,6,CONT,2788,INR,16728,1,16728,0.0017,FREIGHT,1020,FY24
PO-2023-450439,2023-10-15,2023-10-15,FRT-30103,Cold Chain Refrigerated Express Transport,Cold Chain Refrigerated Express Transport,DHL Global Freight Solutions,1,TRIP,99412,EUR,99412,92.4,9185669,0.9186,FREIGHT,2000,FY24
PO-2023-450440,2023-11-15,2023-11-15,FRT-30104,Warehouse 3PL Material Staging & Storage Services,Warehouse 3PL Material Staging & Storage Services,Maersk Line Logistics India,105,MONTH,314706,USD,33044130,85.5,2825273115,282.5273,FREIGHT,3000,FY24
PO-2023-450441,2023-12-15,2023-12-15,FRT-30105,Air Cargo Express Customs Cleared Freight,Air Cargo Express Customs Cleared Freight,3M Safety & Industrial PPE Ltd,150,KG,549,USD,82350,85.5,7040925,0.7041,FREIGHT,1000,FY24
PO-2024-450442,2024-01-15,2024-01-15,MRO-40101,Deep Groove Ball Bearings SKF Explorer Series,Deep Groove Ball Bearings SKF Explorer Series,SKF Bearing Technologies India,11,SET,6224,INR,68464,1,68464,0.0068,MRO,1010,FY25
PO-2024-450443,2024-02-15,2024-02-15,MRO-40102,Variable Frequency Drives (VFD) 45kW Inverter,Variable Frequency Drives (VFD) 45kW Inverter,Siemens Industrial Automation Ltd,20,UNIT,85000,EUR,1700000,92.4,157080000,15.708,MRO,1020,FY25
PO-2024-450444,2024-03-15,2024-03-15,MRO-40103,Centrifugal Slurry Pump Impeller Mechanical Seals,Centrifugal Slurry Pump Impeller Mechanical Seals,3M Safety & Industrial PPE Ltd,13,SET,12941,USD,168233,85.5,14383922,1.4384,MRO,2000,FY25
PO-2024-450445,2024-04-15,2024-04-15,MRO-40104,Industrial Synthetic Gear Oil ISO VG 220 Drum,Industrial Synthetic Gear Oil ISO VG 220 Drum,Schneider Electric Power Systems,2,DRUM,48176,INR,96352,1,96352,0.0096,MRO,3000,FY25
PO-2024-450446,2024-05-15,2024-05-15,MRO-40105,Pneumatic Actuator Solenoid Directional Valves,Pneumatic Actuator Solenoid Directional Valves,Atlas Copco Compressor India,5000,PCS,5735,INR,28675000,1,28675000,2.8675,MRO,1000,FY25
PO-2024-450447,2024-06-15,2024-06-15,PPE-50101,3M Industrial N95 Filtering Facepiece Respirators,3M Industrial N95 Filtering Facepiece Respirators,3M Safety & Industrial PPE Ltd,5100,BOX,57,USD,290700,85.5,24854850,2.4855,CONSUMABLES,1010,FY25
PO-2024-450448,2024-07-15,2024-07-15,PPE-50102,Heavy Duty Nitrile Chemical Protection Gloves,Heavy Duty Nitrile Chemical Protection Gloves,3M Safety & Industrial PPE Ltd,45,PAIR,161,USD,7245,85.5,619448,0.0619,CONSUMABLES,1020,FY25
PO-2024-450449,2024-08-15,2024-08-15,MAT-10101,High Density Polyethylene (HDPE) Polymers,High Density Polyethylene (HDPE) Polymers,Contoso Polymer Logistics Ltd,51,MT,1324,EUR,67524,92.4,6239218,0.6239,POLYMERS,2000,FY25
PO-2024-450450,2024-09-15,2024-09-15,MAT-10102,Polypropylene (PP) Injection Moulding Resin,Polypropylene (PP) Injection Moulding Resin,Basell Polyolefins Europe NV,53,MT,1244,EUR,65932,92.4,6092117,0.6092,POLYMERS,3000,FY25